date,next_date,lambda_10000_delta_5_daily_return,lambda_10000_delta_5_cumulative_return,lambda_12000_delta_5_daily_return,lambda_12000_delta_5_cumulative_return,lambda_14000_delta_5_daily_return,lambda_14000_delta_5_cumulative_return,lambda_16000_delta_5_daily_return,lambda_16000_delta_5_cumulative_return,lambda_18000_delta_5_daily_return,lambda_18000_delta_5_cumulative_return,lambda_20000_delta_5_daily_return,lambda_20000_delta_5_cumulative_return,lambda_10000_delta_3_daily_return,lambda_10000_delta_3_cumulative_return,lambda_10000_delta_4_daily_return,lambda_10000_delta_4_cumulative_return,lambda_10000_delta_5_delta_sweep_daily_return,lambda_10000_delta_5_delta_sweep_cumulative_return,lambda_10000_delta_6_daily_return,lambda_10000_delta_6_cumulative_return,lambda_10000_delta_7_daily_return,lambda_10000_delta_7_cumulative_return,lambda_10000_delta_8_daily_return,lambda_10000_delta_8_cumulative_return,lambda_10000_delta_9_daily_return,lambda_10000_delta_9_cumulative_return
2025-01-02,2025-01-03,-0.0172786452704338,-0.0172786452704338,-0.0172398317470241,-0.0172398317470241,-0.0172357264757672,-0.0172357264757673,-0.0172435401491985,-0.0172435401491986,-0.0171808652215548,-0.0171808652215549,-0.01707892442180772,-0.017078924421807695,-0.0172786452704338,-0.0172786452704338,-0.0172786452704338,-0.0172786452704338,-0.0172786452704338,-0.0172786452704338,-0.0172786452704338,-0.0172786452704338,-0.0172786452704338,-0.0172786452704338,-0.0172786452704338,-0.0172786452704338,-0.0172786452704338,-0.0172786452704338
2025-01-03,2025-01-06,0.0042603313808872,-0.0130919266442116,0.0043554355513597,-0.0129594831717548,0.0040063036350729,-0.0132984743943272,0.003737688224234,-0.0135703029019241,0.0036013194042731,-0.0136414196005862,0.0035186806874287885,-0.013620339015903982,0.0042603313808872,-0.0130919266442116,0.0042603313808872,-0.0130919266442116,0.0042603313808872,-0.0130919266442116,0.0042603313808872,-0.0130919266442116,0.0042603313808872,-0.0130919266442116,0.0042603313808872,-0.0130919266442116,0.0042603313808872,-0.0130919266442116
2025-01-06,2025-01-07,0.0363364284259868,0.0227687879263094,0.0362325082464248,0.0228034704937798,0.0361578917730536,0.0223785725808294,0.0361016371957553,0.0220414241418294,0.0360581433887632,0.0219248395241926,0.035795571130944254,0.021687684300969012,0.0363364284259868,0.0227687879263094,0.0363364284259868,0.0227687879263094,0.0363364284259868,0.0227687879263094,0.0363364284259868,0.0227687879263094,0.0363364284259868,0.0227687879263094,0.0363364284259868,0.0227687879263094,0.0363364284259868,0.0227687879263094
2025-01-07,2025-01-08,0.0004815261092974,0.0232612778014704,0.0003288097945409,0.0231397782927689,0.0002204217345315,0.0226039270391456,0.0001391306895245,0.0221836214698929,7.590432118572549e-05,0.0220024080354395,4.010069659215977e-05,0.021728654688809135,0.0004815261092974,0.0232612778014704,0.0004815261092974,0.0232612778014704,0.0004815261092974,0.0232612778014704,0.0004815261092974,0.0232612778014704,0.0004815261092974,0.0232612778014704,0.0004815261092974,0.0232612778014704,0.0004815261092974,0.0232612778014704
2025-01-08,2025-01-09,0.0047318755223421,0.0281032227948598,0.0047015148501319,0.0279500851541729,0.0046993706257906,0.0274095218956913,0.0047022260144815,0.0269901598863455,0.0047124048433298,0.0268184971329603,0.0047276688966003885,0.02655904947034693,0.0047318755223421,0.0281032227948598,0.0047318755223421,0.0281032227948598,0.0047318755223421,0.0281032227948598,0.0047318755223421,0.0281032227948598,0.0047318755223421,0.0281032227948598,0.0047318755223421,0.0281032227948598,0.0047318755223421,0.0281032227948598
2025-01-09,2025-01-10,-0.0179146620578187,0.0096851009979355,-0.0177192154328303,0.0097356161411297,-0.0175796322272103,0.0093480403540311,-0.0174426681750352,0.0090767113084215,-0.0172957303990394,0.0090589212378018,-0.01715385530720965,0.008949604071425865,-0.0179146620578187,0.0096851009979355,-0.0179146620578187,0.0096851009979355,-0.0179146620578187,0.0096851009979355,-0.0179146620578187,0.0096851009979355,-0.0179146620578187,0.0096851009979355,-0.0179146620578187,0.0096851009979355,-0.0179146620578187,0.0096851009979355
2025-01-10,2025-01-13,0.002072209943671,0.0117773805041998,0.0021382020313429,0.0118946348866819,0.0021853392368228,0.0115538082302271,0.0022070498023252,0.0113037938646458,0.0022216680249585,0.011300715178415,0.002233198785067002,0.01120278910143191,0.002072209943671,0.0117773805041998,0.002072209943671,0.0117773805041998,0.002072209943671,0.0117773805041998,0.002072209943671,0.0117773805041998,0.002072209943671,0.0117773805041998,0.002072209943671,0.0117773805041998,0.002072209943671,0.0117773805041998
2025-01-13,2025-01-14,-0.0605994461752038,-0.0495357684069531,-0.0603513279568252,-0.0491745500811161,-0.0601779614436519,-0.0493194378396307,-0.0599723427980308,-0.0493464639339538,-0.0597217600933322,-0.0490959435156855,-0.059523466572778586,-0.04898750631394766,-0.0605994461752038,-0.0495357684069531,-0.0605994461752038,-0.0495357684069531,-0.0605994461752038,-0.0495357684069531,-0.0605994461752038,-0.0495357684069531,-0.0605994461752038,-0.0495357684069531,-0.0605994461752038,-0.0495357684069531,-0.0605994461752038,-0.0495357684069531
2025-01-14,2025-01-15,0.0250427590060896,-0.0257335217112604,0.024678003949792,-0.0257100758724551,0.0243750724151748,-0.0261465302932727,0.024147873764212,-0.0263902023515291,0.023971163702352,-0.0263016667124694,0.02365575553781729,-0.026490587249900277,0.0250427590060896,-0.0257335217112604,0.0250427590060896,-0.0257335217112604,0.0250427590060896,-0.0257335217112604,0.0250427590060896,-0.0257335217112604,0.0250427590060896,-0.0257335217112604,0.0250427590060896,-0.0257335217112604,0.0250427590060896,-0.0257335217112604
2025-01-15,2025-01-16,0.0007883457689389,-0.0249654628552823,0.0009021250048074,-0.0248311445699676,0.0009978339040004,-0.0251747862836708,0.0010707689829716,-0.0253476911786898,0.0011311304876353,-0.0252002868419282,0.0011548333857360025,-0.02536634607872812,0.0007883457689389,-0.0249654628552823,0.0007883457689389,-0.0249654628552823,0.0007883457689389,-0.0249654628552823,0.0007883457689389,-0.0249654628552823,0.0007883457689389,-0.0249654628552823,0.0007883457689389,-0.0249654628552823,0.0007883457689389,-0.0249654628552823
2025-01-16,2025-01-17,6.454225610084312e-05,-0.0249025319264788,6.91616426955941e-05,-0.0247637002900205,0.0001045279486339,-0.0250728898038044,0.0001230140134532,-0.0252277952864603,0.0001268018446237,-0.0250766804401609,0.00013045830419303704,-0.02523919702502808,6.454225610084312e-05,-0.0249025319264788,6.454225610084312e-05,-0.0249025319264788,6.454225610084312e-05,-0.0249025319264788,6.454225610084312e-05,-0.0249025319264788,6.454225610084312e-05,-0.0249025319264788,6.454225610084312e-05,-0.0249025319264788,6.454225610084312e-05,-0.0249025319264788
2025-01-17,2025-01-20,0.0211309362456237,-0.004297809495348,0.020876403332811,-0.0044042739524767,0.0206944684719153,-0.0048972914594335,0.0205577895481989,-0.0051886334445254,0.0204292046145986,-0.0051597724613292,0.02030057880653499,-0.005450988526713441,0.0211309362456237,-0.004297809495348,0.0211309362456237,-0.004297809495348,0.0211309362456237,-0.004297809495348,0.0211309362456237,-0.004297809495348,0.0211309362456237,-0.004297809495348,0.0211309362456237,-0.004297809495348,0.0211309362456237,-0.004297809495348
2025-01-20,2025-01-21,0.0087308271488929,0.0043954942217221,0.0086495032798712,0.0042071345453971,0.0085279714311384,0.0035889160100488,0.0083117805141043,0.0030800202872198,0.0081127429049699,0.0029111105362136,0.007954038888919884,0.002459692987481832,0.0087308271488929,0.0043954942217221,0.0087308271488929,0.0043954942217221,0.0087308271488929,0.0043954942217221,0.0087308271488929,0.0043954942217221,0.0087308271488929,0.0043954942217221,0.0087308271488929,0.0043954942217221,0.0087308271488929,0.0043954942217221
2025-01-21,2025-01-22,0.0057395722525662,0.0101602947309595,0.0056442349889894,0.0098751155903908,0.0055409687121038,0.0091497707934748,0.005434333833313,0.0085310919789871,0.0053513065706001,0.0082779953517539,0.005274257887987866,0.007746923930610938,0.0057395722525662,0.0101602947309595,0.0057395722525662,0.0101602947309595,0.0057395722525662,0.0101602947309595,0.0057395722525662,0.0101602947309595,0.0057395722525662,0.0101602947309595,0.0057395722525662,0.0101602947309595,0.0057395722525662,0.0101602947309595
2025-01-22,2025-01-23,0.0128575121335245,0.0231484429772677,0.0127004062353577,0.0227009398053676,0.0125828060767893,0.0218477066618056,0.0125226137302031,0.02116053727874,0.0124805735664881,0.0208618830482127,0.012446159394712936,0.020289502775382884,0.0128575121335245,0.0231484429772677,0.0128575121335245,0.0231484429772677,0.0128575121335245,0.0231484429772677,0.0128575121335245,0.0231484429772677,0.0128575121335245,0.0231484429772677,0.0128575121335245,0.0231484429772677,0.0128575121335245,0.0231484429772677
2025-01-23,2025-01-24,0.0105040640318216,0.0338956597363595,0.0103755362104794,0.0333120104388096,0.01036078614714,0.032434852225474,0.0103493665910495,0.0317289020273507,0.010340336388724,0.0314179383253574,0.010334760336610033,0.03083395026052549,0.0105040640318216,0.0338956597363595,0.0105040640318216,0.0338956597363595,0.0105040640318216,0.0338956597363595,0.0105040640318216,0.0338956597363595,0.0105040640318216,0.0338956597363595,0.0105040640318216,0.0338956597363595,0.0105040640318216,0.0338956597363595
2025-01-24,2025-01-27,0.0103221466281456,0.0445676823343614,0.0102902934112468,0.0439450942115902,0.0102677771875046,0.0430356632487394,0.0102440619617517,0.042297996827449,0.0102018993676544,0.0419403603381463,0.010153612923295675,0.04130063917966287,0.0103221466281456,0.0445676823343614,0.0103221466281456,0.0445676823343614,0.0103221466281456,0.0445676823343614,0.0103221466281456,0.0445676823343614,0.0103221466281456,0.0445676823343614,0.0103221466281456,0.0445676823343614,0.0103221466281456,0.0445676823343614
2025-01-27,2025-02-05,0.0440945031436094,0.0906273752867667,0.0439555310906589,0.0898322552571486,0.043854428278386,0.0887773959344799,0.0435572595665002,0.0876976412209054,0.0430441858070836,0.086789834808441,0.04263243572703265,0.08569382175200779,0.0440945031436094,0.0906273752867667,0.0440945031436094,0.0906273752867667,0.0440945031436094,0.0906273752867667,0.0440945031436094,0.0906273752867667,0.0440945031436094,0.0906273752867667,0.0440945031436094,0.0906273752867667,0.0440945031436094,0.0906273752867667
2025-02-05,2025-02-06,-0.0098560352846442,0.0798781133935415,-0.0097180908641144,0.0792411663739169,-0.0096168328966932,0.0783068056560811,-0.0095414011031639,0.0773194817470512,-0.0094718155935388,0.0764959619042029,-0.009275095007534033,0.07562390840616517,-0.0098560352846442,0.0798781133935415,-0.0098560352846442,0.0798781133935415,-0.0098560352846442,0.0798781133935415,-0.0098560352846442,0.0798781133935415,-0.0098560352846442,0.0798781133935415,-0.0098560352846442,0.0798781133935415,-0.0098560352846442,0.0798781133935415
2025-02-06,2025-02-07,-0.0002648005767768,0.0795921610462662,-0.0003426924994861,0.0788713185210638,-0.0003023354546962,0.0779807952776909,-0.0002717498859496,0.077026720300755,-0.0003704365559086,0.0760971884476255,-0.0005371851265216694,0.07504609924083816,-0.0002648005767768,0.0795921610462662,-0.0002648005767768,0.0795921610462662,-0.0002648005767768,0.0795921610462662,-0.0002648005767768,0.0795921610462662,-0.0002648005767768,0.0795921610462662,-0.0002648005767768,0.0795921610462662,-0.0002648005767768,0.0795921610462662
2025-02-07,2025-02-10,-0.0065832076260602,0.0724849816986314,-0.0065333673044525,0.0718226559229266,-0.0064981532919667,0.0709759108241803,-0.0064709519264035,0.0700573321702366,-0.0064483790222302,0.0691581059117589,-0.006428699395978938,0.06813495103199907,-0.0065832076260602,0.0724849816986314,-0.0065832076260602,0.0724849816986314,-0.0065832076260602,0.0724849816986314,-0.0065832076260602,0.0724849816986314,-0.0065832076260602,0.0724849816986314,-0.0065832076260602,0.0724849816986314,-0.0065832076260602,0.0724849816986314
2025-02-10,2025-02-11,0.0114484868548016,0.0847633119135804,0.0114063458740275,0.0840482358520022,0.0113762451734746,0.0831595953606014,0.0113550266104118,0.0822078616516961,0.0113408409418377,0.0812832579325806,0.011329433697297666,0.08023631513948248,0.0114484868548016,0.0847633119135804,0.0114484868548016,0.0847633119135804,0.0114484868548016,0.0847633119135804,0.0114484868548016,0.0847633119135804,0.0114484868548016,0.0847633119135804,0.0114484868548016,0.0847633119135804,0.0114484868548016,0.0847633119135804
2025-02-11,2025-02-12,-0.1434801078206588,-0.0708786450396751,-0.1225227310077893,-0.0487723145487611,-0.1067626511347814,-0.0324813946421734,-0.0948534232198129,-0.0204432586613609,-0.0853753437763264,-0.0110316719329995,-0.0777266328712341,-0.003726816341538708,-0.2000049859341086,-0.1321947590275323,-0.1692030079761361,-0.0987819034043528,-0.1434801078206588,-0.0708786450396751,-0.1236031828182817,-0.0493168860434386,-0.1084706302660584,-0.0329016482191825,-0.0965030158791229,-0.0199196192011057,-0.0870574165449786,-0.0096733795843907
2025-02-12,2025-02-13,0.012174386687317,-0.0595671623849441,0.0116487323704294,-0.0376917178175966,0.0110973117918363,-0.0217445390141151,0.0106927062198575,-0.0099691462005458,0.0103814732169962,-0.0007647237227145,0.010169480428680952,0.006404764301295662,0.0148554349300486,-0.1193031347383105,0.0131940085956689,-0.0868912240912974,0.012174386687317,-0.0595671623849441,0.0114676504630852,-0.0384147843914273,0.010945022562123,-0.0223167349391494,0.0105393242411191,-0.0095902342855066,0.01019010794906,0.000418155582472
2025-02-13,2025-02-14,-0.0031110106817235,-0.0624928589882082,-0.0012343843993774,-0.0388795761485142,8.494857252213067e-05,-0.0216614376091424,0.001070727622316,-0.0089090928184376,0.0018617210811797,0.0010955736561892,0.002490745620564379,0.008911462560494243,-0.009547068854935,-0.1277112083512893,-0.0064941099913703,-0.092821052916134,-0.0031110106817235,-0.0624928589882082,-0.0006779229845171,-0.0390666651106602,0.0010616428295869,-0.0212787845111904,0.0024151745461117,-0.0071982218291324,0.003498578588378,0.0039181971210175
2025-02-14,2025-02-17,0.0011926546374148,-0.061374736748871,0.0014864771698264,-0.037450892581005,0.001720118810574,-0.0199785790448639,0.0019130630060472,-0.0070130734682787,0.002089710323832,0.0031875734116011,0.0022319947325762767,0.011163347630565035,-0.0002021516786415,-0.1278875429947813,0.0007192249521005,-0.092168587181371,0.0011926546374148,-0.061374736748871,0.0015221800054011,-0.0376039516017681,0.0017837614168334,-0.0195329793691652,0.0020138750192814,-0.0051988431289758,0.0021946809440799,0.0061214772576543
2025-02-17,2025-02-18,0.0202638711491261,-0.0423545553570355,0.0180129856439877,-0.0201125093274335,0.0163482677103245,-0.0039569264932367,0.0150041134095823,0.0078858149916358,0.0139386413808443,0.017170645235105,0.013104504868081719,0.02441414264201569,0.0293013713342222,-0.1023334520468705,0.0237677680852514,-0.0705914607009916,0.0202638711491261,-0.0423545553570355,0.0178821514916556,-0.0203942396693401,0.0161987997237462,-0.003650590466228,0.0148876658337834,0.0096114240655811,0.013841441717828,0.0200476490461711
2025-02-18,2025-02-19,-0.0157975570674025,-0.0574830139191208,-0.0136677518543929,-0.03350536839517,-0.0120421438442324,-0.0159514204594565,-0.0108032477970492,-0.0030026252188496,-0.0098746099720645,0.0071264818383751,-0.009193502359634852,0.014996188804393018,-0.0221848034886185,-0.1222480080115173,-0.0182698602380613,-0.0875716248180452,-0.0157975570674025,-0.0574830139191208,-0.0141590996226951,-0.034264575220828,-0.0129520828326238,-0.0165553905487453,-0.0120436094683851,-0.0025479416406848,-0.0113345043361706,0.0084859145449567
2025-02-19,2025-02-20,0.0094067570096029,-0.0486169856536348,0.0092280262554098,-0.0245865305590079,0.0090352785158054,-0.007060267470225,0.0088532086817458,0.0058240005952407,0.0086424324524769,0.0158305044287641,0.008471451322574894,0.023594679610448477,0.010689841256527,-0.1128649785545601,0.0099365880481334,-0.0785051999304343,0.0094067570096029,-0.0486169856536348,0.008994933635826,-0.025577849165173,0.0086720024302152,-0.0080269565056018,0.0084315986811805,0.0058621738191182,0.0082717041060603,0.0168278116252023
2025-02-20,2025-02-21,-0.052486367077967,-0.0985516237763609,-0.0462534113292237,-0.0697027309771274,-0.0431927752258675,-0.0499480901502166,-0.0399245917685291,-0.0343331120195129,-0.0371260392034004,-0.0218832587026681,-0.03478461845330226,-0.012010670770631116,-0.083454124425426,-0.1869000550164209,-0.0638516662951014,-0.1373441783971475,-0.052486367077967,-0.0985516237763609,-0.0467026141634222,-0.0710859109079039,-0.0439742565782953,-0.0516482336389769,-0.0411160557476007,-0.0354949113940313,-0.0388450811610703,-0.0226709472442122
2025-02-21,2025-02-24,0.0185248534380172,-0.0818524247248795,0.0177299240480781,-0.0532086310552173,0.0165632239690026,-0.034212167585196,0.0152207300674141,-0.0196349569825221,0.0141710500962929,-0.0080223173617209,0.013330258993518898,0.0011594828708294536,0.0263188367851762,-0.1655002102743622,0.0213232181079499,-0.1189495801610172,0.0185248534380172,-0.0818524247248795,0.0178325890148934,-0.0545209677269805,0.016680762469913,-0.0358290030863862,0.015418668600707,-0.0206235270691204,0.0143699708815545,-0.0086267572144143
2025-02-24,2025-02-25,0.025063084439552,-0.0588408145177892,0.022778029336999,-0.0316425894773756,0.020937345686758,-0.0139911338778625,0.0195754152085178,-0.0004439042095385,0.0185200558288083,0.0103491647016717,0.017675006518599896,0.01885498325672952,0.0377694424843216,-0.1339816184631412,0.0302249147172315,-0.0923199063598029,0.025063084439552,-0.0588408145177892,0.0224231573835023,-0.0333203425835212,0.0202890873505724,-0.0162668535091172,0.0186960094480836,-0.0023130952779737,0.017447599956457,0.0086703265332441
2025-02-25,2025-02-26,-0.0198812666400662,-0.0775522512351086,-0.0168797234292918,-0.0479881947477027,-0.0147522533946163,-0.0285369865202346,-0.0131592528817076,-0.0135973156434976,-0.0118826879079456,-0.0016564991005317,-0.010859409232324802,0.007790820045151303,-0.0303067785850461,-0.1602278458029589,-0.0245583725543654,-0.1146110522596002,-0.0198812666400662,-0.0775522512351086,-0.0166727587096737,-0.0494375592611763,-0.0143380135171898,-0.0303716326608113,-0.0125586468924609,-0.0148426928236099,-0.0111635109840295,-0.0025899757362743
2025-02-26,2025-02-27,-0.0027698774549825,-0.0801073184578119,-0.0013307503702441,-0.049255084810019,-0.0003269004154718,-0.0288545581829566,0.0004259734263109,-0.0131771343123199,0.0009925365215793,-0.0006656067148077,0.0014490139243439658,0.009251122976222659,-0.0084683163603068,-0.1673393020752758,-0.0050359831707912,-0.1190698561000254,-0.0027698774549825,-0.0801073184578119,-0.001241129035283,-0.0506173299062268,-0.0001345666076336,-0.0305021122608695,0.0007133049623178,-0.0141399752277373,0.0013814469445865,-0.0012121067057553
2025-02-27,2025-02-28,0.1377638626075363,0.0466206505358441,0.1138223159887409,0.0589609033514237,0.0960605078819969,0.0644341661852747,0.0828035147544426,0.0685352674066712,0.0724638879146269,0.071750048749442,0.0642328278881815,0.07407817665430816,0.219681128428119,0.0155805396425727,0.1687449978572639,0.0295826991447749,0.1377638626075363,0.0466206505358441,0.1149067241536417,0.0584731226824861,0.0979344660641173,0.0644451457251518,0.0846713254904252,0.0693340998177536,0.0743375265276098,0.0730353148074611
2025-02-28,2025-03-03,0.0249999574452857,0.0727861222605974,0.0249284606299059,0.0853591685392294,0.0248530861190478,0.0908886401855344,0.0247598032842972,0.0949919904299945,0.0246246313345696,0.098141498582704,0.024516493774787516,0.1004108075858885,0.0249999574452857,0.0409700099158973,0.0249999574452857,0.0553222228097967,0.0249999574452857,0.0727861222605974,0.0249999574452857,0.0849349057065269,0.0249999574452857,0.0910562290711216,0.0249999574452857,0.0960674068079903,0.0249999574452857,0.0998611520149364
2025-03-03,2025-03-04,0.0037636377642348,0.0768237006232843,0.0037085406913949,0.0893842671805356,0.0036740181835066,0.094896584885757,0.0036483180835756,0.0989868695100506,0.0036279036691488,0.1021254501546569,0.003612780915143583,0.10438635075035263,0.0037636377642348,0.0448878439566526,0.0037636377642348,0.0592940733809996,0.0037636377642348,0.0768237006232843,0.0037636377642348,0.0890182076893804,0.0037636377642348,0.0951625694977571,0.0037636377642348,0.1001926074923997,0.0037636377642348,0.1040006309820744
2025-03-04,2025-03-05,0.0076672999901615,0.0850800309724788,0.0076358753690827,0.0977026696737657,0.0076139154855057,0.103233034948446,0.0075967527109458,0.107335600990295,0.0075746580838021,0.1104736736050349,0.007546319060515332,0.11272040251919302,0.0076672999901615,0.0528993125123413,0.0076672999901615,0.0674159988194118,0.0076672999901615,0.0850800309724788,0.0076672999901615,0.0973680369824827,0.0076672999901615,0.1035595094560926,0.0076672999901615,0.1086281142610019,0.0076672999901615,0.1124653350091415
2025-03-05,2025-03-06,-0.016892802722817,0.0667499880707926,-0.0169733757968034,0.0790709497482384,-0.0171213485453963,0.0843441976302983,-0.0173199151358869,0.0881566423541966,-0.0174742263288592,0.0910690053002207,-0.017598156530452283,0.09313857470103248,-0.016892802722817,0.0351128921390806,-0.016892802722817,0.0493843509281768,-0.016892802722817,0.0667499880707926,-0.016892802722817,0.0788304152194128,-0.016892802722817,0.084917296369962,-0.016892802722817,0.0899002782338223,-0.016892802722817,0.0936726775688596
2025-03-06,2025-03-07,0.0110669222186078,0.0785556272154728,0.0110493916395188,0.0909940272788343,0.0110275849057768,0.0963018953367529,0.011009549396648,0.1001367566594857,0.0109954578885169,0.1030658086014655,0.010984242182939896,0.10514587354506233,0.0110669222186078,0.046568406003862,0.0110669222186078,0.060997805917323,0.0110669222186078,0.0785556272154728,0.0110669222186078,0.0907697475117144,0.0110669222186078,0.0969239917025106,0.0110669222186078,0.101962119839075,0.0110669222186078,0.1057762680241307
2025-03-07,2025-03-10,0.0057974998620615,0.0848085533154803,0.0058246279363429,0.0973486615685059,0.0058439596436796,0.1027086393703904,0.0058302364885458,0.1065508141205524,0.0057906354030207,0.109453260524615,0.005759208350115201,0.11151063888807844,0.0057974998620615,0.0526358861933073,0.0057974998620615,0.0671489405507763,0.0057974998620615,0.0848085533154803,0.0057974998620615,0.0970934849724545,0.0057974998620615,0.103283408393098,0.0057974998620615,0.108350745076839,0.0057974998620615,0.1121870057854717
2025-03-10,2025-03-11,-0.0016115608591444,0.0830603183112919,-0.0016436827267322,0.0955449685282832,-0.0016666289902778,0.1008708331841858,-0.0016826057132735,0.1046889253986858,-0.0015734925287516,0.1077075441081805,-0.0014863059734139335,0.10985859398598596,-0.0016115608591444,0.0509394994001874,-0.0016115608591444,0.0654291650873071,-0.0016115608591444,0.0830603183112919,-0.0016115608591444,0.0953254520532504,-0.0016115608591444,0.1015054000355881,-0.0016115608591444,0.1065645703978694,-0.0016115608591444,0.1103946487388987
2025-03-11,2025-03-12,0.0046874062672872,0.0881370620351944,0.0047145819173946,0.1007100050265992,0.0047334579006301,0.1060817589270948,0.0047469751044015,0.1099328562256614,0.0047629870809131,0.1129835408301977,0.00482670621629038,0.11521555536078143,0.0046874062672872,0.0558656797962155,0.0046874062672872,0.070423264433088,0.0046874062672872,0.0881370620351944,0.0046874062672872,0.1004596874419241,0.0046874062672872,0.1066686033511656,0.0046874062672872,0.1117514881003105,0.0046874062672872,0.1155995195745596
2025-03-12,2025-03-13,-0.0033924218807663,0.0844456420566734,-0.0031832618142547,0.0972061568990299,-0.003080901805924,0.1026740296385166,-0.0030009205175721,0.1066020359442863,-0.0029352048307751,0.1097167061645798,-0.002880031403206647,0.11200369953999778,-0.0033924218807663,0.0522837379609246,-0.0033924218807663,0.0667919371291438,-0.0033924218807663,0.0844456420566734,-0.0033924218807663,0.0967264639193448,-0.0033924218807663,0.1029143165663999,-0.0033924218807663,0.1079799580261045,-0.0033924218807663,0.1118149353541824
2025-03-13,2025-03-14,-0.0144275704842777,0.068799726119533,-0.0144143452273605,0.0813906485679016,-0.0143885469810251,0.0868081525583066,-0.0143661158160766,0.0907044629336044,-0.0143433011129485,0.0937997052979917,-0.01432786028539112,0.09607106589615055,-0.0144275704842777,0.0371018401620342,-0.0144275704842777,0.0514007212641538,-0.0144275704842777,0.068799726119533,-0.0144275704842777,0.0809033655591757,-0.0144275704842777,0.0870019425260191,-0.0144275704842777,0.0919944990865158,-0.0144275704842777,0.095774147008887
2025-03-14,2025-03-17,0.0093865645966886,0.0788320837896772,0.0092589034838347,0.0914031402113133,0.0091979850155986,0.0968045976603686,0.0091774282647349,0.1007143249002038,0.009160023208148,0.1038189359835866,0.009165499643208683,0.10611710485955306,0.0093865645966886,0.0468366635780597,0.0093865645966886,0.0612697620513047,0.0093865645966886,0.0788320837896772,0.0093865645966886,0.0910493348227752,0.0093865645966886,0.0972051564762657,0.0093865645966886,0.1022445759914201,0.0093865645966886,0.1060597018231674
2025-03-17,2025-03-18,0.0013502900973295,0.0802888200690998,0.001417560947098,0.092950270680417,0.0014731193374613,0.0984203217225985,0.0014916199566082,0.1023561723537493,0.0015208541190456,0.1054976835590577,0.0015457863720482546,0.10782692560613438,0.0013502900973295,0.0482501967584108,0.0013502900973295,0.0627027841015981,0.0013502900973295,0.0802888200690998,0.0013502900973295,0.0925225679352845,0.0013502900973295,0.0986867017337946,0.0013502900973295,0.1037329259272166,0.0013502900973295,0.1075532032855948
2025-03-18,2025-03-19,0.0052160220986797,0.0859236304275368,0.0050869468011688,0.0985100505636915,0.0049504633050346,0.1038580112187905,0.0047937421015769,0.1076405835480946,0.0046410810073297,0.1106283878618707,0.00454314724427664,0.11285994645033748,0.0052160220986797,0.053717892949648,0.0052160220986797,0.0682458653078004,0.0052160220986797,0.0859236304275368,0.0052160220986797,0.0982211897929412,0.0052160220986797,0.1044174758495635,0.0052160220986797,0.1094900212598932,0.0052160220986797,0.1133302252693959
2025-03-19,2025-03-20,0.0052703178777443,0.091646793150844,0.0052422359540035,0.1042686994465909,0.0052100022226954,0.1096091139107806,0.0051776185384735,0.113375523967439,0.0051544852077649,0.1163531054584285,0.0051470697493741615,0.11858791421600201,0.0052703178777443,0.0592713211989595,0.0052703178777443,0.0738758605895584,0.0052703178777443,0.091646793150844,0.0052703178777443,0.1040091645632246,0.0052703178777443,0.1102381070170266,0.0052703178777443,0.115337386354118,0.0052703178777443,0.1191978294594662
2025-03-20,2025-03-21,0.0002969490910553,0.0919709566738236,0.0002669292468823,0.1045634610588899,0.0002450728401439,0.1098810489677764,0.0002632126456226,0.1136685784846738,0.0002842967626998,0.1166704810323404,0.0003187059546035661,0.11894441484501006,0.0002969490910553,0.0595858708549705,0.0002969490910553,0.0741947470502668,0.0002969490910553,0.0919709566738236,0.0002969490910553,0.1043369990811584,0.0002969490910553,0.1105677912137603,0.0002969490910553,0.115668584777216,0.0002969490910553,0.1195301742376353
2025-03-21,2025-03-24,0.0154336408336864,0.1088240442199441,0.0152239703005694,0.1213793023851446,0.0150747485540704,0.1266122267058937,0.0149540106450604,0.1303223902624029,0.0148319800530312,0.1332329153328209,0.014777377377306382,0.13547947872740407,0.0154336408336864,0.0759391386181949,0.0154336408336864,0.0907734829616733,0.0154336408336864,0.1088240442199441,0.0154336408336864,0.1213809396843281,0.0154336408336864,0.1277078956248138,0.0154336408336864,0.1328874130040949,0.0154336408336864,0.1368086008492932
2025-03-24,2025-03-25,0.0060468652856158,0.1155289538407939,0.0059226129084132,0.1280207979166783,0.0059082475862813,0.1332685306750038,0.0058885241397461,0.1369783209431585,0.0058647268751521,0.1398790168671804,0.005845519580330128,0.14211694625336824,0.0060196782555069,0.0824159460551836,0.0060366640723767,0.0973581160573693,0.0060468652856158,0.1155289538407939,0.0060536701505613,0.1281694100063035,0.0060585327565703,0.1345401508502997,0.0060621807989512,0.139755181326582,0.0060650188101695,0.1437033663970068
2025-03-25,2025-03-26,0.0098935284130598,0.1265654712412087,0.0099439070682215,0.1392377319021829,0.009917518098935,0.1445077418389266,0.009813630834613,0.148136206451853,0.0097500771155858,0.1509929251840736,0.009706065159489756,0.15320240775346083,0.0099069451924231,0.0931393815081571,0.0098985633287369,0.1082203848634666,0.0098935284130598,0.1265654712412087,0.009890169383524,0.1393271965645763,0.0098877688907594,0.1457582216591948,0.0098859678721979,0.151022764431348,0.0098845666952135,0.1550083786016982
2025-03-26,2025-03-27,0.0062883253237648,0.133649681422894,0.006223654157512,0.1463279535487305,0.0061631065942749,0.1515614650498529,0.0061218058777181,0.155164873428931,0.0060957179675562,0.1580090534386482,0.006074999317389529,0.1602081115933751,0.0063535086360986,0.1000846520090288,0.0063129438345519,0.1152165179094153,0.0062883253237648,0.133649681422894,0.0062717947962769,0.1464728229472469,0.0062599288532181,0.1529305866097712,0.0062509272044693,0.1582177239424953,0.0062442431645821,0.1622205317748171
2025-03-27,2025-03-28,-0.0019273471582484,0.1314647449309542,-0.0019187289864492,0.1441284608762796,-0.0019223402625595,0.1493477720807754,-0.0019271437120593,0.1529387047067105,-0.0019168447543121,0.1557893298591184,-0.0019083023643609088,0.15799408371087087,-0.0019270726448718,0.0979647089690987,-0.0019273471582484,0.1130671085227907,-0.0019273471582484,0.1314647449309542,-0.0019273471582484,0.1442631718099305,-0.0019273471582484,0.150708489120011,-0.0019273471582484,0.1559854363036217,-0.0019273471582484,0.1599805293356428
2025-03-28,2025-03-31,-0.0029006736399638,0.1281827349707847,-0.0026408709156435,0.1411069653001913,-0.0024489798130613,0.1465330425887627,-0.0023213092486926,0.1502623774282991,-0.0022365415435787,0.1532043590072633,-0.002173173911044566,0.15547756117900646,-0.003581151805123,0.0940327306696124,-0.0031578260267366,0.109552236237993,-0.0029006736399638,0.1281827349707847,-0.0027279028791346,0.1411417330090623,-0.0026038343509214,0.1477122348281434,-0.0025104190182348,0.1530834284795226,-0.0024375458586473,0.1571530236002492
2025-03-31,2025-04-01,0.0061087474432379,0.1350745183685426,0.0068117311940844,0.1488798792115138,0.0072712278523886,0.1548697455817183,0.0075782218911265,0.1589793209574657,0.0078190495535771,0.1622213210357423,0.008012564536193876,0.16473589970807723,0.0033414208696365,0.0976883544679374,0.0050431053465938,0.1151478250528899,0.0061087474432379,0.1350745183685426,0.0068316791015402,0.1489376471383556,0.0072672689785105,0.1560529683485669,0.0075949313520167,0.1618410179619727,0.0078650350965324,0.1662540727429236
2025-04-01,2025-04-02,0.0029267470136856,0.1383965943254883,0.0034495411234517,0.1528429876007599,0.0038229654875703,0.1592847727617163,0.0041105681763284,0.1637433844712161,0.0043260186459855,0.1672491121413049,0.004501325682804251,0.16997875532711726,0.0013363287545643,0.0991552269795632,0.0023471829129343,0.1177652809732499,0.0029267470136856,0.1383965943254883,0.0033287367404047,0.1527621580968192,0.0036239478596846,0.1602424440288958,0.0038499470579039,0.1663140443708275,0.0040285248848279,0.1709523562970003
2025-04-02,2025-04-03,0.0221156495970808,0.1635729745081011,0.0182809179299951,0.17391801564326,0.0154425364691638,0.1771870701432356,0.0132928969429955,0.1792129053490849,0.0116173593283479,0.1808094645027456,0.01027642087291634,0.18200194942922931,0.0312852063655609,0.1335425250834037,0.0259780333782541,0.1468026247514267,0.0221156495970808,0.1635729745081011,0.0184573972202789,0.1740391471493183,0.0156754557856615,0.1784297731609188,0.0135339256504124,0.182098851932374,0.0118249425499156,0.1847988006389007
2025-04-03,2025-04-07,0.3246467741777156,0.5413231872025257,0.2226649841417388,0.435308451980168,0.1354816313904966,0.3366742948580403,0.0519726451843869,0.240499719275643,-0.0113591501288496,0.1673964725218923,-0.06202645877097907,0.10868655424574025,0.6847494873374973,0.9097351880095166,0.478860960791239,0.6959616314778097,0.3246467741777156,0.5413231872025257,0.2254983832648001,0.4387830767210743,0.1405581882879892,0.3440677271010435,0.0542555181139032,0.2462342376058153,-0.0118687837518961,0.1707366798846117
2025-04-07,2025-04-08,0.177770684710053,0.8153252655509999,0.1685516635823229,0.677232079315194,0.1619666484910872,0.5531709505203846,0.1570278871726604,0.4352927692317758,0.1568875006768838,0.3505463873948624,0.1572746708986484,0.28305486719449546,0.1961487738325786,1.2843274034825125,0.18672022322866,1.0126319658945886,0.177770684710053,0.8153252655509999,0.1717081524431241,0.6858338605912837,0.166874383172477,0.5683582000030634,0.1630188642621798,0.4493939276249588,0.1599735167376371,0.3580235437394983
2025-04-08,2025-04-09,0.0470326085293673,0.9007047481191299,0.040228993289342,0.7447054373786341,0.035570967696663,0.6084187442287408,0.0320367864948891,0.4812749372373124,0.0292709395972729,0.3900781491236127,0.027059932717648158,0.3177742455738295,0.0633032473535116,1.4289327461415708,0.0564776528353631,1.126300695349738,0.0470326085293673,0.9007047481191299,0.0403557977309383,0.7538670308772724,0.0354942821040738,0.6240259483942094,0.0318488470715339,0.4955554531722959,0.0289713610437129,0.397367334131038
2025-04-09,2025-04-10,0.051202518798844,0.998025618715752,0.0488445918624855,0.829924862387653,0.0470810236250555,0.6841447451247564,0.0455827320543607,0.5487954958002408,0.0443926157908467,0.4517873543169086,0.043379677199296446,0.37493886696836864,0.0592775420080683,1.572913909035751,0.0542867470049597,1.2417306432546589,0.051202518798844,0.998025618715752,0.0490966948531568,0.8399761053052659,0.0475413779221483,0.7012343797621938,0.046360768109399,0.564890552731564,0.0454417072102262,0.460866091393755
2025-04-10,2025-04-11,0.0163286449264687,1.0306506695977498,0.0148514622755702,0.8571019224485312,0.0138296009382936,0.7074357948721561,0.0130129306533777,0.568949864183353,0.0124028782588081,0.4697936961301785,0.0119793215285226,0.3914097017378453,0.0218779510549001,1.629203993606107,0.0184648101016015,1.2831237738812975,0.0163286449264687,1.0306506695977498,0.0148581393417559,0.8673147266633929,0.0137894953225007,0.7246935432844022,0.0129907408137704,0.5852196403040175,0.0123630284714464,0.4789268204746266
2025-04-11,2025-04-14,0.0318154452355971,1.0952567247689655,0.0302367564615953,0.9132546610019678,0.0291234501969307,0.757162216208572,0.0283318117035613,0.6134010563077239,0.027793873277946,0.5106449558651447,0.027402430692933463,0.4295377096551918,0.0330703277672519,1.7161526314416284,0.0323040484951891,1.356877914993278,0.0318154452355971,1.0952567247689655,0.0314673932556683,0.9260742534994107,0.0312158831374012,0.7785313753793985,0.0310228467270063,0.6343976662338093,0.0308698227566819,0.5245810292927815
2025-04-14,2025-04-15,0.0163206033425728,1.1294525786747784,0.0161401729384135,0.9441349221057652,0.0159554761297596,0.7851985760054034,0.0158177686321974,0.6389214609273424,0.0157100550229031,0.5343772712418571,0.015630795497568722,0.4518825212508748,0.0154808021683979,1.7582008529881494,0.0160013452521698,1.3945911322282996,0.0163206033425728,1.1294525786747784,0.016550346311551,0.9579514494165884,0.016722391555926,0.8082726734329926,0.0168521326779053,0.6619407525536405,0.016954991249209,0.5504302873031508
2025-04-15,2025-04-16,-0.0094883745590664,1.109247535002542,-0.0080622217402439,0.9284608752707966,-0.0069715140376092,0.7727530390728616,-0.0061749525852808,0.628801198615117,-0.0055404943072788,0.5258760627053236,-0.004960335409801865,0.4446806969698416,-0.0131041880357756,1.7220568703701562,-0.0108984929224355,1.3684936977215822,-0.0094883745590664,1.109247535002542,-0.0085103279017607,0.9412886405663254,-0.0077859202072681,0.7941936066846598,-0.0072232798973469,0.649936089325138,-0.0067795686852384,0.5399190386787052
2025-04-16,2025-04-17,0.0103118256798582,1.130997727899159,0.0095567722012234,0.9468907365547315,0.009030583706618,0.7887620337833705,0.0086184677197771,0.6428389691673158,0.0082630348680219,0.5384844298157376,0.007967828211382023,0.45619166458359683,0.0125582788800268,1.756241219675558,0.0112060307321526,1.3950351108871604,0.0103118256798582,1.130997727899159,0.0096823567614342,0.9600848897612082,0.0092152427864134,0.8107275363760895,0.0088552606094662,0.6645467033850758,0.0085684874678565,0.5531138156631372
2025-04-17,2025-04-18,0.0077053657413866,1.1474178447866858,0.0076049625375154,0.961696767670866,0.0075293144469169,0.8022301856064324,0.0074308652573393,0.6550466841867044,0.0073125032551162,0.5497346022167109,0.007166719303295817,0.46662778149546646,0.0073680704285611,1.7765493991002304,0.0075526703236108,1.413124021493164,0.0077053657413866,1.1474178447866858,0.0078233184912875,0.9754192581237702,0.0079106228494834,0.8250515189995351,0.0079786270694878,0.677827500771131,0.0080344286143209,0.5655921977449985
2025-04-18,2025-04-21,0.0257963000314665,1.2028132798037283,0.0224123405151265,1.0056629836153288,0.0199185914426734,0.8381280723591804,0.0180698668489354,0.6849531573987302,0.0165974395190924,0.5754562285476474,0.0154231116317035,0.48924774549162864,0.0351438469303291,1.8741280261767064,0.0295390278259973,1.484405359111633,0.0257963000314665,1.2028132798037283,0.0230880032286484,1.0210277443332665,0.0210627484478242,0.8634921200485419,0.0194801323036613,0.7105118024688739,0.0182241987727859,0.5941238611538262
2025-04-21,2025-04-22,0.0025515474435452,1.2084338623964197,0.0025187102764618,1.01071466758328,0.0024504355734541,0.8426322867762543,0.0023297600185136,0.6888786938979061,0.0022316488221519,0.5789720935844376,0.002161793248794834,0.49246719121361515,0.0026368539984433,1.8817066821545687,0.0025806313466213,1.4908166934590708,0.0025515474435452,1.2084338623964197,0.0025336941797524,1.0261484105662015,0.0025211796029843,0.8681903183719302,0.0025138027395936,0.7148116917240275,0.0025079870635356,0.5981219031752734
2025-04-22,2025-04-23,0.0146816101154445,1.2408572273298693,0.0130742821959657,1.0370033185628311,0.0119353167334079,0.8646246867421328,0.0110421260390082,0.7075275053005226,0.0102980381823001,0.5952324084929566,0.00967403388761775,0.5069053693975734,0.0192242785668867,1.9371054141603672,0.0165346181374421,1.532001396335783,0.0146816101154445,1.2408572273298693,0.0133685401475917,1.0532350569378353,0.0123818259810347,0.891321925793465,0.0116153828367526,0.7347298860163416,0.0110022949645695,0.6157049117433471
2025-04-23,2025-04-24,-0.0083724736159964,1.222095709316835,-0.0068615255953078,1.023026368154785,-0.0057919800299326,0.8538248177932029,-0.0050033397253975,0.6989841651010433,-0.0043864874417944,0.5882349415663586,-0.0038947227591745208,0.5010363907594582,-0.0123996469723177,1.900686343904296,-0.009990673762094,1.5067049964198258,-0.0083724736159964,1.222095709316835,-0.007212840304903,1.038425400363714,-0.0063336300875665,0.879342992338985,-0.0056446720565748,0.72493790470304,-0.005095964133457,0.6074713374628526
2025-04-24,2025-04-25,0.0083210453536637,1.240585868494242,0.0077833847234527,1.038772360683823,0.0073905639022038,0.867525628572595,0.0070492269570362,0.7109606900772512,0.0067240640133501,0.5989143349816901,0.006427735080090532,0.5106846550248352,0.0095210303381264,1.9283038665859975,0.0088122172266007,1.5287946253712827,0.0083210453536637,1.240585868494242,0.007967575303273,1.0546667082412164,0.0077036165477231,0.8938207301136152,0.0074986600292179,0.7378726276219196,0.0073347525601364,0.6192617419706541
2025-04-25,2025-04-28,0.0044525475510607,1.2505621836159473,0.0053449739836859,1.0496695459103362,0.0059692114779235,0.8786732839899869,0.0064355109616335,0.7219715963531677,0.0067898539804265,0.6097707298434265,0.007073473199915748,0.5213704424456773,0.0015969683527813,1.932980275188263,0.0033098685933617,1.537164603280861,0.0044525475510607,1.2505621836159473,0.0052623991027514,1.065479184483118,0.0058537802272949,0.9049067404575954,0.0063089988868318,0.748836864095042,0.0066714331548149,0.6300645384423607
2025-04-28,2025-04-29,0.0139000390012289,1.2818450857429,0.0126083823055278,1.0755125631451716,0.0114733506768346,0.9002279613844044,0.0106132106515554,0.740247243641259,0.0099388149271285,0.6257699432024493,0.009376463375581966,0.5356355166799622,0.0170610385259848,1.983019964659204,0.0151947789837,1.5757162586729812,0.0139000390012289,1.2818450857429,0.0129040639839678,1.0921322600372414,0.0121592063772962,0.928068894644322,0.0115730655571882,0.7690762677720413,0.0111008396244641,0.6481596234611353
2025-04-29,2025-04-30,0.0117087165767249,1.3085625631238562,0.0066164301882399,1.0892450471240362,0.0032134962299226,0.9063343367743066,0.0012372996650948,0.7424004509729987,-0.0004520036320981,0.625035089283166,-0.001786220618930744,0.5328925328569061,0.0225032471112204,2.050147600061634,0.0163534956446676,1.617838223291089,0.0117087165767249,1.3085625631238562,0.0080913338065953,1.1090604005207494,0.0051813557136606,0.9380589054279184,0.0030414824103691,0.7744568821230713,0.0012756983590694,0.6502621779882691
2025-04-30,2025-05-06,0.0365953997731912,1.3930453330227968,0.0338467576212869,1.1599592178455174,0.031817094886588,0.9669883572530158,0.0302795701879724,0.7951595877237907,0.0290096292592784,0.6721767547565891,0.027993676516323306,0.5758038305559898,0.0446571503118882,2.1863584999110315,0.0397935333043792,1.7220112558151,0.0365953997731912,1.3930453330227968,0.0343335824272196,1.1814719996260137,0.032680880510124,1.00139637693779,0.0314157661875242,0.8302028046416929,0.0304149165369872,0.7004547643959294
2025-05-06,2025-05-07,0.0129555123486139,1.4240484613855666,0.0115876622262795,1.1849880956844503,0.0105693991483329,0.9877782423209464,0.0098049690193163,0.8127610718661511,0.0092121052026399,0.6875810229388157,0.00870403951204937,0.589519689360388,0.0154831237988017,2.2356932830325182,0.0141003318295661,1.7603925177659074,0.0129555123486139,1.4240484613855666,0.0120748630142105,1.2078129751908335,0.0113891476802838,1.0241905758415195,0.0108738540257551,0.8501041627768944,0.0104606505200169,0.7182426274113729
2025-05-07,2025-05-08,0.0087528444064633,1.4452657804018014,0.0082696729602543,1.2030572326578093,0.0078106589415466,1.0033041002231426,0.0074293615265005,0.8262287292302115,0.0071390311230527,0.6996287163842492,0.006893163970013127,0.6004765092127136,0.0087530055133753,2.264015324178493,0.0087528444064633,1.7845538039746778,0.0087528444064633,1.4452657804018014,0.0087528444064633,1.2271376186412497,0.0087528444064633,1.04190800100089,0.0087528444064633,0.8662978366494305,0.0087528444064633,0.7332821377816574
2025-05-08,2025-05-09,-0.0087027668465667,1.4239852024370765,-0.007898590397972,1.185656185953755,-0.0072423202958104,0.9887955302794164,-0.0066596786128307,0.8140666328200199,-0.0061630272703888,0.6891538582556371,-0.005767643927731239,0.5912455305928763,-0.0100161090711946,2.2313225906814718,-0.0092101969746708,1.7589075149535018,-0.0087027668465667,1.4239852024370765,-0.0083345001118737,1.2085755399095262,-0.0080381682089718,1.0254948010215994,-0.0078122233093695,0.8517179011877318,-0.0076347967200996,0.7200488810011147
2025-05-09,2025-05-12,-0.0003331813315288,1.4231775758197225,-0.0012143340863762,1.1830020691460523,-0.0017779117834754,0.9852596272712092,-0.0021978649792302,0.8100795592977545,-0.0025594866289296,0.6848304915412269,-0.0028617239581661467,0.5866918251346538,0.0033184764690392,2.242045658662523,0.0010492540635964,1.7618023098746538,-0.0003331813315288,1.4231775758197225,-0.0012648503217616,1.2057820224272366,-0.0019339865117765,1.02157752139675,-0.0024177337017519,0.847240940411893,-0.0027727783238675,0.7152795667478822
2025-05-12,2025-05-13,0.008519457472953,1.443821734126332,0.0086200915607828,1.2018197468594698,0.0087978848265288,1.002725712822699,0.0089206934060112,0.8262267240867378,0.0090308048810411,0.7000458669679641,0.009012518581646839,0.6009919146920268,0.0079149486820968,2.267706283675852,0.0082125073812802,1.784483631730136,0.008519457472953,1.443821734126332,0.008813192543305,1.2252220040994488,0.0090188799733543,1.0398098864190586,0.0091741137175767,0.864187738862995,0.0092957173605305,0.7312243207946638
2025-05-13,2025-05-14,-0.0028826657195981,1.436777012988557,-0.0028301888039596,1.1955881812635707,-0.0028071857426575,0.9971036897552092,-0.0027893186513831,0.8211327958235881,-0.002712363435968,0.6954347247189316,-0.002641025140010184,0.5967636547963722,-0.0028826657195981,2.258286578790184,-0.0028826657195981,1.7764568962181655,-0.0028826657195981,1.436777012988557,-0.0028826657195981,1.2188074329097356,-0.0028826657195981,1.0339297963849807,-0.0028826657195981,0.8588139087732796,-0.0028826657195981,0.7262337797921745
2025-05-14,2025-05-15,-0.0052739345778555,1.4239256104412328,-0.0045274289225497,1.1856478118297096,-0.0039147959066218,0.9892854364054562,-0.0034444889944908,0.8148599239508674,-0.0030774113306705,0.6902171746866694,-0.0027838206271717974,0.5923185511974318,-0.0082540811021847,2.231392417114689,-0.0063981900146202,1.7586925974287588,-0.0052739345778555,1.4239256104412328,-0.0045246074162236,1.20876820034362,-0.0039862650910554,1.0258220130399938,-0.0035836791348752,0.852152516152793,-0.0032699412691861,0.720589096715369
2025-05-15,2025-05-16,0.0161353449478263,1.4630364862935727,0.0161292188932038,1.220900603810163,0.0160635851583478,1.0212404924174168,0.0159611184164924,0.8438271181063937,0.0158909433732909,0.7170763200981791,0.01582541057751172,0.6175176460403198,0.0161353449478263,2.283532048426625,0.0161353449478263,1.803205054093287,0.0161353449478263,1.4630364862935727,0.0161353449478263,1.244407437165954,0.0161353449478263,1.0585093500232938,0.0161345369689926,0.882036139396873,0.0161345369689926,0.7483500051047689
2025-05-16,2025-05-19,0.0129142310508067,1.4948447085641354,0.0128277786687141,1.2493898252010531,0.0127017621921803,1.0469138084853085,0.0125677779550104,0.8669999279141816,0.0124631236256042,0.7384764545501605,0.012379298697305098,0.6375413801288146,0.0129142310508067,2.3259363399627357,0.0129142310508067,1.8394062918446368,0.0129142310508067,1.4948447085641354,0.0129142310508067,1.273392233381664,0.0129142310508067,1.085093415389741,0.0129142310508067,0.9063411889470124,0.0129142310508067,0.7709286010283711
2025-05-19,2025-05-20,0.0008692659729035,1.4970133921769686,0.0008628917261013,1.2513308050699958,0.0008583943967879,1.04867086782922,0.0008557332358318,0.8685975818037934,0.0008549480156819,0.739962761545288,0.0008865029297652851,0.6389930653599107,0.0008692659729035,2.328827463251108,0.0008692659729035,1.8418744911173848,0.0008692659729035,1.4970133921769686,0.0008692659729035,1.275368415893206,0.0008692659729035,1.086905916146064,0.0008692659729035,0.9079983064753084,0.0008692659729035,0.7724680090016867
2025-05-20,2025-05-21,0.0023970065354099,1.502998749597023,0.0024211042200158,1.256781511582802,0.0024383168518771,1.0536661765301978,0.0024614515947732,0.8731970443015136,0.0024755803361748,0.7442701791434461,0.0024656105781861175,0.643034183999436,0.0023970065354099,2.336806684435773,0.0023970065354099,1.8486864828454084,0.0023970065354099,1.502998749597023,0.0023970065354099,1.2808224888565674,0.0023970065354099,1.091908243265852,0.0023970065354099,0.9125717908854812,0.0023970065354099,0.7767166264030687
2025-05-21,2025-05-22,-0.0098673369129807,1.4783008176419794,-0.0095534300838907,1.2352215071972783,-0.0093287506307425,1.034508036890557,-0.0091600096658906,0.8560385412695939,-0.0090303990317691,0.7285187234065653,-0.008948798245419507,0.6283310025764977,-0.0098673369129807,2.303881288666959,-0.0098673369129807,1.8205775335597183,-0.0098673369129807,1.4783008176419794,-0.0098673369129807,1.258316844920316,-0.0098673369129807,1.071266679838506,-0.0098673369129807,0.8936998006545509,-0.0098673369129807,0.7591851648514549
2025-05-22,2025-05-23,-0.0062783821870713,1.4627410979342916,-0.0062163852242645,1.2213265092469787,-0.0061721016794026,1.0219508464193066,-0.0061326621263197,0.8446560840025603,-0.0060665270996466,0.7180326177287728,-0.006013380952420794,0.618539227941368,-0.0062783821870713,2.283138259235994,-0.0062783821870713,1.802868869815764,-0.0062783821870713,1.4627410979342916,-0.0062783821870713,1.2441382686684053,-0.0062783821870713,1.0582624760111337,-0.0062783821870713,0.8818104295584608,-0.0062783821870713,0.7481403280486913
2025-05-23,2025-05-26,0.0064124980684068,1.4785334204677816,0.0064855068202193,1.2357329374726342,0.0065423081724832,1.035179071966195,0.006568564616231,0.8567728266850547,0.0065631007118418,0.7293082388251559,0.006579534582782155,0.6291884627651978,0.0064124980684068,2.3041913769816573,0.0064124980684068,1.8208422610294548,0.0064124980684068,1.4785334204677816,0.0064124980684068,1.2585288009814797,0.0064124980684068,1.0714610801628297,0.0064124980684068,0.8938775353031123,0.0064124980684068,0.7593502745256075
2025-05-26,2025-05-27,0.012828736958036,1.510329873760664,0.0127075519111351,1.2641436298350022,0.012621143070465,1.0608653582074967,0.0125254386874871,0.8800297208822905,0.0123859561672454,0.7507273748709007,0.012274370151052025,0.6491857250030011,0.012828736958036,2.346579979015966,0.012828736958036,1.857030104396313,0.012828736958036,1.510329873760664,0.012828736958036,1.287502872881419,0.012828736958036,1.0980353094790476,0.012828736958036,0.9181735920342496,0.012828736958036,0.7819205164145451
2025-05-27,2025-05-28,-0.001222130294856,1.5072619235718587,-0.0011841642237229,1.2614625119511813,-0.0011473063254739,1.0585009143460749,-0.0011196538547911,0.8779247383581827,-0.0010981979704222,0.7488047296210547,-0.0010807378494862665,0.6474033875691578,-0.001222130294856,2.342490022239452,-0.001222130294856,1.853538441352415,-0.001222130294856,1.5072619235718587,-0.001222130294856,1.2847072463209006,-0.001222130294856,1.0954712369676556,-0.001222130294856,0.9158293339766316,-0.001222130294856,0.7797427773684094
2025-05-28,2025-05-29,0.0005127825432389,1.5085476037175942,0.0003428544314706,1.2622378643950087,0.0002177735550333,1.0589492014082311,0.000119164876425,0.8781485210275646,0.0001351092175967,0.7490410092598032,0.0001599391969996538,0.6476668719441003,0.0005127825432389,2.3442039927738065,0.0005127825432389,1.8550016860516017,0.0005127825432389,1.5085476037175942,0.0005127825432389,1.2858788043132257,0.0005127825432389,1.096545758037832,0.0005127825432389,0.91681173781492,0.0005127825432389,0.7806553983960995
2025-05-29,2025-05-30,0.0090756020550639,1.5313141835051196,0.009073485673941,1.2827642472486436,0.0090812760059936,1.0776470873885398,0.0090883376555915,0.8952177689540128,0.0090119156690792,0.7648032193370136,0.008922173239854968,0.6623676412171555,0.0090756020550639,2.374554657403177,0.0090756020550639,1.8809125452207427,0.0090756020550639,1.5313141835051196,0.0090756020550639,1.306624530687278,0.0090756020550639,1.1155731730280158,0.0090756020550639,0.934207958361804,0.0090756020550639,0.7968159181891439
2025-05-30,2025-06-03,0.0068315541961313,1.5486069935371711,0.0068061220826749,1.2983010194013835,0.0067881007486147,1.091750365137799,0.0067730106978252,0.9080540991778469,0.0067441293878406,0.7767052805923003,0.006721024339853032,0.6735404545955601,0.0068315541961313,2.397608110433035,0.0068315541961313,1.9005936554077327,0.0068315541961313,1.5486069935371711,0.0068315541961313,1.3223823611787942,0.0068315541961313,1.1300258258154383,0.0068315541961313,0.9474216048559414,0.0068315541961313,0.8090909635147248
2025-06-03,2025-06-04,-0.0012649505424535,1.5453831317381952,-0.0012284032785716,1.2954777788940062,-0.0012140152599471,1.089210948274522,-0.0012030976575834,0.9057585237605834,-0.0011946061890783,0.7745828174679366,-0.0011878130142742704,0.671552601463677,-0.0012649505424535,2.393310304210698,-0.0012649505424535,1.896924547889888,-0.0012649505424535,1.5453831317381952,-0.0012649505424535,1.3194446623512364,-0.0012649505424535,1.127331448491633,-0.0012649505424535,0.944958212840493,-0.0012649505424535,0.806802552919079
2025-06-04,2025-06-05,-0.0009425199186978,1.5429840574358145,-0.0009519921474127,1.2932925020739383,-0.0009579017719024,1.0872096894052916,-0.0009496849665615,0.9039486535406712,-0.0008529640910228,0.7730691620480903,-0.0008152079012195888,0.6701899385756598,-0.0009425199186978,2.3901120416586568,-0.0009425199186978,1.894194138800537,-0.0009425199186978,1.5429840574358145,-0.0009425199186978,1.317258539556653,-0.0009425199186978,1.125326396227757,-0.0009425199186978,0.9431250509838558,-0.0009425199186978,0.8050996055237987
2025-06-05,2025-06-06,0.0081464850534915,1.5637004390509823,0.0080885384850078,1.3118418867343435,0.008044324150533,1.103999880717001,0.0079686573602095,0.9191205679921692,0.0079095403235659,0.7870933240817808,0.007862342294421449,0.6833215435694404,0.0081464850534915,2.4177295387356907,0.0081464850534915,1.9177716480941784,0.0081464850534915,1.5637004390509823,0.0081464850534915,1.3361360516142269,0.0081464850534915,1.1426403359484176,0.0081464850534915,0.9589546901687608,0.0081464850534915,0.8198048224802619
2025-06-06,2025-06-09,0.0016869483914558,1.5680252693828145,0.0015906985602027,1.3155193302949884,0.0015215498939258,1.107201221512326,0.0014953140535042,0.9219902559478572,0.0015280297165884,0.7898240557872946,0.001554202247055716,0.6859377656949734,0.0016869483914558,2.423495072083492,0.0016869483914558,1.9226937782825664,0.0016869483914558,1.5680252693828145,0.0016869483914558,1.3400769925687197,0.0016869483914558,1.1462548596166142,0.0016869483914558,0.962259345632276,0.0016869483914558,0.8228747392983087
2025-06-09,2025-06-10,0.0029313026106051,1.575552928559056,0.0030205566024211,1.3225134874961446,0.0030843659816961,1.1137006012765474,0.0031319877882845,0.9280099059586876,0.0031692360626247,0.7954964307306491,0.003157133320452437,0.6912604959912583,0.0029313026106051,2.433530372125684,0.0029313026106051,1.9312610781848452,0.0029313026106051,1.575552928559056,0.0029313026106051,1.3469364663660528,0.0029313026106051,1.1525461820896323,0.0029313026106051,0.968011321574812,0.0029313026106051,0.8282181367804198
2025-06-10,2025-06-11,0.0023881227887367,1.5817036652013456,0.002388124599823,1.3280599390890546,0.0023886949058426,1.1187495871352937,0.002388811142915,0.9326155575056924,0.0023885701834896,0.7997850999696543,0.0023886756453828785,0.6953003687480306,0.0023881227887367,2.441730064253177,0.0023881227887367,1.938261289565396,0.0023881227887367,1.5817036652013456,0.0023881227887367,1.3525412388250988,0.0023881227887367,1.1576867266808888,0.0023881227887367,0.9727111742603568,0.0023881227887367,0.8325841461756469
2025-06-11,2025-06-12,-0.0035713353540023,1.5724835356282547,-0.003639587068442,1.319586762240188,-0.0036532886653571,1.111009183283882,-0.003659963563756,0.9255422549824736,-0.0036339883190118,0.7932447019396329,-0.0036207291048218045,0.6891621453614893,-0.0035713353540023,2.429438491995777,-0.0035713353540023,1.9277677731426743,-0.0035713353540023,1.5724835356282547,-0.0035713353540023,1.3441395251271344,-0.0035713353540023,1.1499809037910316,-0.0035713353540023,0.9656659611004854,-0.0035713353540023,0.8260393736252256
2025-06-12,2025-06-13,0.0007858817153669,1.5745052034019875,0.0007867224972458,1.3214116333303556,0.000790736543954,1.1126784353897272,0.0007922550466069,0.9270677755514384,0.0007923382627595,0.7946655583314703,0.0007919416359495664,0.6904998631942711,0.0007858817153669,2.4321336250006125,0.0007858817153669,1.930068652302428,0.0007858817153669,1.5745052034019875,0.0007858817153669,1.3459817415182007,0.0007858817153669,1.1516705344717093,0.0007858817153669,0.9672107420378336,0.0007858817153669,0.8274744245804979
2025-06-13,2025-06-16,0.0097884023757925,1.599705496251458,0.0097939468844783,1.344147415564203,0.0098449055772886,1.133477555101313,0.0098838777142749,0.9461146777921084,0.0098735053203986,0.8123851982699923,0.009856594734126638,0.7071624352438737,0.0097884023757925,2.465728729929606,0.0097884023757925,1.9587493432598608,0.0097884023757925,1.599705496251458,0.0097884023757925,1.3689451547704437,0.0097884023757925,1.172731951443255,0.0097884023757925,0.9864665923388812,0.0097884023757925,0.8453624795797618
2025-06-16,2025-06-17,0.0068716837761025,1.6175698503326936,0.0066324283778517,1.3596948054050593,0.0064523448530935,1.1472434880231617,0.0062994646127768,0.9583741583372656,0.0061580000155991,0.8235458663492108,0.005997606324552317,0.7174013234625305,0.0068716837761025,2.4895441218154355,0.0068716837761025,1.9790809331194932,0.0068716837761025,1.6175698503326936,0.0068716837761025,1.3852237967569565,0.0068716837761025,1.187662278343807,0.0068716837761025,1.0001169625932258,0.0068716837761025,0.8580432269917184
2025-06-17,2025-06-18,-0.0055729871098523,1.6029821672976516,-0.005380079604302,1.3469994595101222,-0.0052435546145101,1.135984299523061,-0.0051309682649964,0.9483258026798478,-0.0049271041835617,0.8145610658822047,-0.004746113934254411,0.709250341110538,-0.0055729871098523,2.470096937405297,-0.0055729871098523,1.9624785534800115,-0.0055729871098523,1.6029821672976516,-0.0055729871098523,1.371930975283517,-0.0055729871098523,1.175470464665887,-0.0055729871098523,0.9889703365424968,-0.0055729871098523,0.8476883760381451
2025-06-18,2025-06-19,0.0076626932930568,1.62292802129295,0.0075991376020438,1.3648346313548625,0.0075528971117836,1.1521171691697432,0.0075077348154911,0.9629533161405468,0.0074364948756443,0.8280550399501811,0.007379862806418732,0.7218643741297583,0.0076626932930568,2.496687225933809,0.0076626932930568,1.9851791180225875,0.0076626932930568,1.62292802129295,0.0076626932930568,1.3901063548594157,0.0076626932930568,1.1921404276047252,0.0076626932930568,1.0042112062004098,0.0076626932930568,0.8618466453648717
2025-06-19,2025-06-20,0.0101734906898591,1.6496123550977444,0.0099920796515592,1.3884642473541255,0.0098620884230716,1.1733415389889057,0.0097645950017059,0.9821207602799152,0.0096815394326385,0.8457534269044926,0.009592668330891611,0.7383816479815632,0.0101734906898591,2.532260740872197,0.0101734906898591,2.015548809987352,0.0101734906898591,1.6496123550977444,0.0101734906898591,1.414422079608351,0.0101734906898591,1.2144421478358258,0.0101734906898591,1.0246010302472013,0.0101734906898591,0.8807881248774367
2025-06-20,2025-06-23,0.0091067127011352,1.673741613584998,0.0090297217149192,1.4100314148337674,0.0091244717959216,1.1931721325643148,0.0091929062873212,1.0003422106793225,0.0092453312380098,0.8628180287199165,0.009286631797093005,0.7545253582691918,0.0091067127011352,2.564428024624819,0.0091067127011352,2.043010546636157,0.0091067127011352,1.673741613584998,0.0091067127011352,1.4364095278266218,0.0091067127011352,1.2346084362694518,0.0091067127011352,1.043038490164085,0.0091067127011352,0.8979159219824024
2025-06-23,2025-06-24,-0.0097081336096921,1.647784572762521,-0.009817391498564,1.3863711929105065,-0.0098947943548966,1.1714711453277005,-0.0099538424277062,0.9804311195127308,-0.0099990070206543,0.8441916981725446,-0.010036237228502843,0.7369165255501782,-0.0097081336096921,2.52982408111963,-0.0097081336096921,2.013468593673711,-0.0097081336096921,1.647784572762521,-0.0097081336096921,1.412756538602554,-0.0097081336096921,1.212914559004803,-0.0097081336096921,1.0232043995318283,-0.0097081336096921,0.8794907006318353
2025-06-24,2025-06-25,-0.0212553374141491,1.5915050182684751,-0.021179584089544,1.3358288435613923,-0.0213010286104351,1.1252165763343407,-0.0214127518851266,0.9380246393250212,-0.0214996477654422,0.804542226249882,-0.021569164469694747,0.6994526873404556,-0.0212553374141491,2.454796479262844,-0.0212553374141491,1.9494163019282351,-0.0212553374141491,1.5915050182684751,-0.0212553374141491,1.3614725842763624,-0.0212553374141491,1.1658783133844728,-0.0212553374141491,0.9802005073619884,-0.0212553374141491,0.8395414916231503
2025-06-25,2025-06-26,0.018657705527642,1.639856555772735,0.0185565651551665,1.379173803688257,0.0183873911429391,1.164293764786858,0.0183164999062734,0.9735224674495736,0.0183303224052731,0.8376200670509717,0.01831058462473509,0.7305706595877366,0.018657705527642,2.519255054630864,0.018657705527642,2.004445642768039,0.018657705527642,1.639856555772735,0.018657705527642,1.4055322443653906,0.018657705527642,1.206288633164306,0.018657705527642,1.0171465053140358,0.018657705527642,0.8738631150797345
2025-06-26,2025-06-27,0.0119129632877058,1.671305070006465,0.0119044387912947,1.407496532608116,0.0119632077223701,1.190185660667234,0.0118806125093089,0.9969691231637572,0.0117723828755961,0.8592532340601746,0.011696793349948128,0.7508127869704178,0.0119129632877058,2.561179810896755,0.0119129632877058,2.0402374934102427,0.0119129632877058,1.671305070006465,0.0119129632877058,1.4341892616799083,0.0119129632877058,1.2325720686532753,0.0119129632877058,1.0411766975777663,0.0119129632877058,0.8961863775758656
2025-06-27,2025-06-30,0.0025502905685587,1.6781176741322463,0.0026069428440848,1.413772738465958,0.002645850634851,1.195980564787952,0.0026795944816452,1.002320190606203,0.0027141445369423,0.8642995160681914,0.0027417845811799086,0.7556131384742659,0.0025502905685587,2.5702618541814277,0.0025502905685587,2.047990982415866,0.0025502905685587,1.6781176741322463,0.0025502905685587,1.440397151596058,0.0025502905685587,1.2382657761435896,0.0025502905685587,1.046382291258361,0.0025502905685587,0.9010222038108272
2025-06-30,2025-07-01,0.0064147376351811,1.695297096367946,0.0064159829923114,1.4292594633032611,0.0064199382930005,1.2100786245065192,0.0063492865794497,1.0150334953201798,0.0062495486118162,0.875950546520845,0.006169711893643482,0.7664447657353473,0.0064147376351811,2.593164147264896,0.0064147376351811,2.067543044882461,0.0064147376351811,1.695297096367946,0.0064147376351811,1.45605165904919,0.0064147376351811,1.2526236638553558,0.0064147376351811,1.0595092967580642,0.0064147376351811,0.9132167624869272
2025-07-01,2025-07-02,0.0086339612382041,1.7185681870234313,0.0086431496885043,1.4502559164768067,0.0085635677481132,1.229004782536138,0.0084801545268657,1.0321212907373054,0.0084114043391251,0.8917299250878348,0.008328514846489542,0.7811566271922779,0.0086339612382041,2.6241873872348864,0.0086339612382041,2.0940280926285,0.0086339612382041,1.7185681870234313,0.0086339612382041,1.4772571138724475,0.0086339612382041,1.2720727292533445,0.0086339612382041,1.0772910201959944,0.0086339612382041,0.929735401854522
2025-07-02,2025-07-03,0.0041101344351689,1.7297418677432708,0.0040561864537867,1.4601946113335305,0.0038980427375045,1.237693538440566,0.0037716948787553,1.0397858322025892,0.0036734243219505,0.8986790518052141,0.0035940701959372478,0.7875582291403656,0.0041101344351689,2.639083284614665,0.0041101344351689,2.106744964035392,0.0041101344351689,1.7297418677432708,0.0041101344351689,1.4874389736409417,0.0041101344351689,1.2814112536170563,0.0041101344351689,1.085828965549969,0.0041101344351689,0.9376668737804486
2025-07-03,2025-07-04,0.0012797985983882,1.73323538755957,0.0012197990201124,1.463195554309721,0.0011766883721436,1.24032660640767,0.0011427842005368,1.0421168672241097,0.0011398351268636,0.900843232883102,0.0011429406678753488,0.7896013021366453,0.0012797985983882,2.6437405783017325,0.0012797985983882,2.1107209718859137,0.0012797985983882,1.73323538755957,0.0012797985983882,1.4906223945529833,0.0012797985983882,1.2843310005417825,0.0012797985983882,1.0884984065365573,0.0012797985983882,0.940146697129656
2025-07-04,2025-07-07,0.0019996975471085,1.738701031659743,0.001995028206388,1.4681096989184188,0.0019915309092747,1.2447882860912016,0.0019822342519331,1.0461648212247714,0.0019626766929309,0.9045739735931972,0.001957280822751774,0.7931040544456889,0.0019996975471085,2.6510269573984626,0.0019996975471085,2.1169414729831333,0.0019996975471085,1.738701031659743,0.0019996975471085,1.4956028860461448,0.0019996975471085,1.28889897164035,0.0019996975471085,1.0926747716772485,0.0019996975471085,0.9440264037209368
2025-07-07,2025-07-08,-0.0093143935286438,1.7131916924935613,-0.0093434908408067,1.445048938552468,-0.0093635402118779,1.2237691207072343,-0.0093782892049381,1.026975295770355,-0.0093900166753122,0.8866899922217915,-0.009374695195769217,0.7762942504809627,-0.0093143935286438,2.6170198555335658,-0.0093143935286438,2.0879090534980174,-0.0093143935286438,1.7131916924935613,-0.0093143935286438,1.4723578586742914,-0.0093143935286438,1.2675792658711833,-0.0093143935286438,1.0731827753263814,-0.0093143935286438,0.9259189767666056
2025-07-08,2025-07-09,0.0071665721895635,1.7326359766219404,0.0071417169239497,1.4625107859368138,0.0071243650566258,1.2396120637248045,0.0071113511561328,1.0413898288833845,0.0071015418176163,0.9000884000984328,0.007093413021122943,0.78889423924667,0.0071665721895635,2.642941489439332,0.0071665721895635,2.1100387766447177,0.0071665721895635,1.7326359766219404,0.0071665721895635,1.4900761897469152,0.0071665721895635,1.2838300363756066,0.0071665721895635,1.0880403893479174,0.0071665721895635,0.939721214144854
2025-07-09,2025-07-10,0.002848140034919,1.7404189065478173,0.0028065752573855,1.4694220077796691,0.0027559416621511,1.24578430391828,0.0026978496385871,1.0468971916954524,0.0026468100085094,0.9051175730928662,0.0026001095348189467,0.793545560214918,0.002848140034919,2.6533170969402717,0.002848140034919,2.11889660259463,0.002848140034919,1.7404189065478173,0.002848140034919,1.4971682754329318,0.002848140034919,1.2903347041351585,0.002848140034919,1.0939874207753468,0.002848140034919,0.9452458117914416
2025-07-10,2025-07-11,0.0019217934724074,1.7456854257140826,0.001963099207297,1.474269728165623,0.001991045756464,1.25025576322653,0.0020102712959987,1.0510120103657783,0.0020381080786815,0.909000408609425,0.0019624176047513837,0.7970652455972076,0.0019217934724074,2.660338017889805,0.0019217934724074,2.12489047772661,0.0019217934724074,1.7456854257140826,0.0019217934724074,1.5019673171241616,0.0019217934724074,1.2947362544191932,0.0019217934724074,1.0980116321318962,0.0019217934724074,0.94898417249477
2025-07-11,2025-07-14,0.0071082171158619,1.7652023538519157,0.0071868924690645,1.4920520386414111,0.0072030258818598,1.2664644137298549,0.0071904991784692,1.0657598105413442,0.0071516696005328,0.922652948799082,0.007101141713772558,0.8098264605750889,0.0071082171158619,2.68635649523841,0.0071082171158619,2.14710287770558,0.0071082171158619,1.7652023538519157,0.0071082171158619,1.5197518440310709,0.0071082171158619,1.3110477379392442,0.0071082171158619,1.1129247543246934,0.0071082171158619,0.9628379751482412
2025-07-14,2025-07-15,0.0117584008013079,1.7977167114252266,0.011651522226887,1.5210882383602011,0.0115863581879676,1.292724482247611,0.0114759234482089,1.0894663119895034,0.0113457255792998,0.944466841540388,0.011241567284172634,0.8301717465043197,0.0117584008013079,2.7297021524059275,0.0117584008013079,2.184107774704592,0.0117584008013079,1.7977167114252266,0.0117584008013079,1.5493800961330226,0.0117584008013079,1.3382219635128898,0.0117584008013079,1.137769370449048,0.0117584008013079,0.9859178107680616
2025-07-15,2025-07-16,0.0083165171162626,1.8209839703422488,0.0081575572965543,1.541654160114294,0.0080540435705014,1.3111901851227885,0.0079991443899226,1.1061802547169863,0.0079718096545395,0.9599677610807118,0.007949860478370421,0.8447213565404843,0.0083165171162626,2.7607202841949734,0.0083165171162626,2.2105884615129474,0.0083165171162626,1.8209839703422488,0.0083165171162626,1.5705820593383724,0.0083165171162626,1.3576678264940665,0.0083165171162626,1.1555481660090097,0.0083165171162626,1.0024337302328052
2025-07-16,2025-07-17,0.0040793007991426,1.832491612506835,0.0039918013920893,1.5517999387288484,0.0039293018156226,1.320271548913441,0.0038824271332726,1.1143573460854626,0.0038457397161262,0.9675052869418268,0.0039056147585071837,0.8519261274959224,0.0040793007991426,2.7760613934556417,0.0040793007991426,2.2236854175897154,0.0040793007991426,1.832491612506835,0.0040793007991426,1.581068236787293,0.0040793007991426,1.3672854627427964,0.0040793007991426,1.1643412953652006,0.0040793007991426,1.010602259748774
2025-07-17,2025-07-18,0.006168926269761,1.8499650444241056,0.005979061601937,1.5670573077583274,0.0058284527503904,1.3337951420043583,0.0057371052076541,1.1264876366265315,0.0056657724164114,0.9786527241257256,0.00560931618516858,0.8623141666966221,0.006168926269761,2.799355637781961,0.006168926269761,2.24357209524773,0.006168926269761,1.8499650444241056,0.006168926269761,1.596990656437256,0.006168926269761,1.381889072221934,0.006168926269761,1.1776929572389077,0.006168926269761,1.0230055168469794
2025-07-18,2025-07-21,-0.0002984758950839,1.8491143985565133,-0.0003310622285239,1.5662074520452722,-0.0004004651684102,1.3328605383397805,-0.0004525173733249,1.1255253640267973,-0.0004928057339403,0.9776776327177998,-0.0005219078622565035,0.8613422102910315,-0.0002984758950839,2.798221621707232,-0.0002984758950839,2.2426039671633315,-0.0002984758950839,1.8491143985565133,-0.0002984758950839,1.596215517326551,-0.0002984758950839,1.3811781357491115,-0.0002984758950839,1.1770429683842778,-0.0002984758950839,1.022401698464579
2025-07-21,2025-07-22,9.345655961842377e-05,1.8493806669861617,6.094466372815355e-05,1.5663638486954938,3.974017419333068e-05,1.3329532466239429,2.386833322904789e-05,1.1255760967744726,2.665560509412412e-05,0.977730348911781,8.120077720311336e-05,0.861493352725148,9.345655961842377e-05,2.798576590432665,9.345655961842377e-05,2.242907009774308,9.345655961842377e-05,1.8493806669861617,9.345655961842377e-05,1.5964581506968285,9.345655961842377e-05,1.3814006724655177,9.345655961842377e-05,1.1772464273302448,9.345655961842377e-05,1.0225907051694838
2025-07-22,2025-07-23,-0.0044900157313408,1.836586902966816,-0.004502203260623,1.554809557007952,-0.0045250174677282,1.322396592431576,-0.0045414395908358,1.1159229213352466,-0.0044899513927918,0.968850435777118,-0.00439588180787833,0.8533104479604172,-0.0044900157313408,2.7815209217849195,-0.0044900157313408,2.228346306285146,-0.0044900157313408,1.836586902966816,-0.0044900157313408,1.5848000127544315,-0.0044900157313408,1.3707081459835222,-0.0044900157313408,1.1674705566205263,-0.0044900157313408,1.0135092410852091
2025-07-23,2025-07-24,-0.0058201041526071,1.8200776717536276,-0.0055525351299267,1.5406238871923923,-0.0053365959514918,1.3100029001786475,-0.0051646284022796,1.1049949657186835,-0.00502642329631,0.9589541600797776,-0.004917522291298605,0.8441967525198752,-0.0058201041526071,2.759512076164868,-0.0058201041526071,2.209556994541882,-0.0058201041526071,1.8200776717536276,-0.0058201041526071,1.5697562074665408,-0.0058201041526071,1.356910377658464,-0.0058201041526071,1.1548556522332856,-0.0058201041526071,1.0017904075898565
2025-07-24,2025-07-25,-0.0004239037699578,1.818882230196997,-0.0003448087941229,1.5397478577335295,-0.0002888905869117,1.3093355620850473,-0.0002459400743293,1.104477263100352,-0.0002129838343981,0.9585369345113536,-0.00016782484309979762,0.8438872504892383,-0.0004239037699578,2.75791840482258,-0.0004239037699578,2.208196451232001,-0.0004239037699578,1.818882230196997,-0.0004239037699578,1.5686668781223232,-0.0004239037699578,1.355911274463922,-0.0004239037699578,1.1539422007985891,-0.0004239037699578,1.0009418410894133
2025-07-25,2025-07-28,0.019905826805671,1.8749944116568824,0.019823593652722,1.5900947872456106,0.0197648556863298,1.3549792462009678,0.0197208022115357,1.145979242964628,0.01966249147293,0.9970466502856016,0.019531208941694207,0.8799005976434695,0.019905826805671,2.832722877738822,0.019905826805671,2.272058254148794,0.019905826805671,1.8749944116568824,0.019905826805671,1.6197983161196898,0.019905826805671,1.4028076362629287,0.019905826805671,1.1968182011971118,0.019905826805671,1.04077224282636
2025-07-28,2025-07-29,0.0030727697275285,1.8838286074518356,0.0030718047560145,1.5980510527316003,0.0030711154906474,1.362211659444129,0.0030701796761445,1.152567784821806,0.0030868959263733,1.0032113254551458,0.0031121131999861146,0.8857510611080575,0.0030727697275285,2.844499952571544,0.0030727697275285,2.2821125356988525,0.0030727697275285,1.8838286074518356,0.0030727697275285,1.6278483530776926,0.0030727697275285,1.410190910828712,0.0030727697275285,1.2035685176626338,0.0030727697275285,1.0470430659948975
2025-07-29,2025-07-30,0.0076913314201734,1.9060090890307249,0.0077241747547951,1.6181188530847788,0.0077430409367206,1.380502361024404,0.0077612097481185,1.169274314896851,0.007775161463295,1.0187866169556608,0.007786488551892571,0.9004344401570945,0.0076913314201734,2.874069275851613,0.0076913314201734,2.307356350969218,0.0076913314201734,1.9060090890307249,0.0076913314201734,1.64806000568317,0.0076913314201734,1.4287284879097857,0.0076913314201734,1.2205168934390374,0.0076913314201734,1.062787552646832
2025-07-30,2025-07-31,0.0031401706334046,1.9151344534325057,0.0029885193533639,1.6259431519466294,0.0028614406350546,1.3873140272120827,0.0027855077733899,1.1753168453636111,0.0027461453975999,1.02433049853255,0.0027148037483613963,0.9055937466987478,0.0031401706334046,2.8862345144234176,0.0031401706334046,2.317742014256736,0.0031401706334046,1.9151344534325057,0.0031401706334046,1.65637536594851,0.0031401706334046,1.4363551097840332,0.0031401706334046,1.2274896953787937,0.0031401706334046,1.0692650575426064
2025-07-31,2025-08-01,0.0149574416097524,1.9587374068043,0.0148956516540626,1.6650582864013974,0.0147700367187725,1.422574743053246,0.0146402099393841,1.207163940664413,0.0145400499426839,1.0537643650817117,0.014460665853191232,0.933149901121689,0.0149574416097524,2.9443626402547105,0.0149574416097524,2.367366946711204,0.0149574416097524,1.9587374068043,0.0149574416097524,1.6961079453782697,0.0149574416097524,1.47279674907925,0.0149574416097524,1.260807242433747,0.0149574416097524,1.1002159688159008
2025-08-01,2025-08-04,-0.0004988915943767,1.9572613175820777,-0.0004925301987386,1.6637456647139457,-0.0005179751872963,1.4213199094469735,-0.0005223813368416,1.20601095941446,-0.0005202636664747,1.052695866103059,-0.0005185695301812075,0.9321474284856945,-0.0004988915943767,2.942394830888314,-0.0004988915943767,2.365686995646308,-0.0004988915943767,1.9572613175820777,-0.0004988915943767,1.6947628797867882,-0.0004988915943767,1.4715630915665323,-0.0004988915943767,1.259679344703991,-0.0004988915943767,1.099168188722683
2025-08-04,2025-08-05,0.0031714818838757,1.966640218276676,0.0032176036229259,1.6723165424152824,0.0032487580997997,1.429186192114996,0.0031497829334543,1.2129594150854368,0.0030336065422921,1.0589229377118057,0.0029406654293623593,0.937829227633074,0.0031714818838757,2.9548980646735616,0.0031714818838757,2.376361210979796,0.0031714818838757,1.966640218276676,0.0031714818838757,1.703309271441373,0.0031714818838757,1.4794016091362914,0.0031714818838757,1.266845876809088,0.0031714818838757,1.1058256626044254
2025-08-05,2025-08-06,-0.0081836848746998,1.9423621695936888,-0.0081967205403215,1.6504123105218262,-0.0082060317300512,1.4092522131442975,-0.0082100624505156,1.1947908800871287,-0.0081257525163495,1.0421926394697238,-0.007916377795116922,0.9224886393647109,-0.0081836848746998,2.9225324252007128,-0.0081836848746998,2.3487301348059773,-0.0081836848746998,1.9423621695936888,-0.0081836848746998,1.681186240245042,-0.0081836848746998,1.4591109676892962,-0.0081836848746998,1.2482947244937694,-0.0081836848746998,1.0885922489806146
2025-08-06,2025-08-07,-0.0005606714837182,1.9407124710304264,-0.000623153289873,1.6487606973710047,-0.0006647724497829,1.4076506086484204,-0.0006928603626446,1.1932701964820225,-0.0007147065170926,1.040733071081136,-0.0007195810587757226,0.9211052529541126,-0.0005606714837182,2.9203331731259428,-0.0005606714837182,2.346852597312724,-0.0005606714837182,1.9407124710304264,-0.0005606714837182,1.6796829755775988,-0.0005606714837182,1.4577322142944142,-0.0005606714837182,1.2470341697547518,-0.0005606714837182,1.0874212348654964
2025-08-07,2025-08-08,0.0041484760516535,1.9529119462912945,0.0042014631537512,1.6598893678441136,0.0042630255009287,1.4179144845904157,0.0043105607809361,1.2027244209729735,0.0043472544068107,1.049604656917518,0.00439583953291851,0.9295501233719456,0.0041484760516535,2.9365965814091584,0.0041484760516535,2.36073693516109,0.0041484760516535,1.9529119462912945,0.0041484760516535,1.690799576227806,0.0041484760516535,1.467928057526792,0.0041484760516535,1.2563559371952264,0.0041484760516535,1.0960808518680487
2025-08-08,2025-08-11,-0.0028373061335513,1.9445336311142447,-0.0026182125604521,1.652925212091811,-0.0024320372504984,1.412034026495372,-0.0023761522684284,1.197490412343356,-0.0024243756735352,1.0446356452469223,-0.002451666068776224,0.9248195108064716,-0.0028373061335513,2.925427251783409,-0.0028373061335513,2.3512014956417047,-0.0028373061335513,1.9445336311142447,-0.0028373061335513,1.6831649540860174,-0.0028373061335513,1.4609257901120074,-0.0028373061335513,1.2499539646551474,-0.0028373061335513,1.0901336288106238
2025-08-11,2025-08-12,0.0002510401002712,1.945272827132252,0.0002247190840452,1.6535213750155129,0.0001907540921945,1.4124941318564384,6.637361201035428e-05,1.1976362677193817,-3.2200765130391414e-05,1.0445698064147324,-0.00011035535633265633,0.9246070966634805,0.0002510401002712,2.926412691434304,0.0002510401002712,2.3520427816011997,0.0002510401002712,1.945272827132252,0.0002510401002712,1.6838385360851351,0.0002510401002712,1.461543581169117,0.0002510401002712,1.2505187933240398,0.0002510401002712,1.0906583361663804
2025-08-12,2025-08-13,-0.0220745235979565,1.8802573326073009,-0.0219309724712843,1.5953270707880831,-0.0218275736216129,1.359835238581633,-0.0217587492151924,1.1498184513038638,-0.0217290838095235,1.0001431777367251,-0.02166219347813857,0.8829158853661576,-0.0220745235979565,2.8397390018219206,-0.0220745235979565,2.278048034117384,-0.0220745235979565,1.8802573326073009,-0.0220745235979565,1.6245940789872186,-0.0220745235979565,1.4072061792992008,-0.0220745235979565,1.2008396631131637,-0.0220745235979565,1.0445080493894112
2025-08-13,2025-08-14,0.0052452797814519,1.8953650881594049,0.0051647882495744,1.6087313855470915,0.005114551634108,1.3719047377573466,0.0050846214328171,1.1607494642780294,0.0050569827865939,1.0102578673572635,0.005047885040594542,0.8924206282965954,0.0052452797814519,2.8598795071742296,0.0052452797814519,2.295242313193368,0.0052452797814519,1.8953650881594049,0.0052452797814519,1.638360809244249,0.0052452797814519,1.4198326492012652,0.0052452797814519,1.2123836829003087,0.0052452797814519,1.0552320661238892
2025-08-14,2025-08-15,-0.018346116011675,1.8422463843558785,-0.0177779836702517,1.5623534015747622,-0.0176215426599259,1.330108117235675,-0.0176106923472596,1.1226971702231228,-0.0175893020073415,0.9748988346156824,-0.017564168702102964,0.8591818331258543,-0.018346116011675,2.789065709944524,-0.018346116011675,2.2347874154289418,-0.018346116011675,1.8422463843558785,-0.018346116011675,1.589957135757197,-0.018346116011675,1.3754381186901798,-0.018346116011675,1.171795035191483,-0.018346116011675,1.0175265402078657
2025-08-15,2025-08-18,-0.0534417801115637,1.6903516780602446,-0.0535602650426034,1.4251130742536016,-0.0539099329717438,1.2044921448185837,-0.0542709611969893,1.0074963544649846,-0.0546692410068285,0.8669326142619727,-0.054756224161913704,0.7573800559134574,-0.0534417801115637,2.5865712934454024,-0.0534417801115637,2.061914617665934,-0.0534417801115637,1.6903516780602446,-0.0534417801115637,1.4515452160096856,-0.0534417801115637,1.2484904770825125,-0.0534417801115637,1.055730442473394,-0.0534417801115637,0.9097063304768328
2025-08-18,2025-08-19,0.0257031974060241,1.7595023183330554,0.0257810973412558,1.4876351504844858,0.0257340766377801,1.2612227146207289,0.0257380151440367,1.0591653260378031,0.0257728418161327,0.9150487732107256,0.02580258463237327,0.8027250035374092,0.0257031974060241,2.6787576434116094,0.0257031974060241,2.140615613524193,0.0257031974060241,1.7595023183330554,0.0257031974060241,1.5145577666465768,0.0257031974060241,1.30628387168053,0.0257031974060241,1.108569287849861,0.0257031974060241,0.9587918892766132
2025-08-19,2025-08-20,-0.0232421703930919,1.6953654952502264,-0.0231264112735181,1.4301050768959214,-0.0231085656849757,1.2089691009915566,-0.0231612638333211,1.011472454645015,-0.0231999690715653,0.8706197009016976,-0.023223108955412727,0.7608601243636133,-0.0232421703930919,2.593255331428548,-0.0232421703930919,2.067620890295459,-0.0232421703930919,1.6953654952502264,-0.0232421703930919,1.4561139865709043,-0.0232421703930919,1.2526808289600917,-0.0232421703930919,1.059561561176014,-0.0232421703930919,0.9132653144214395
2025-08-20,2025-08-21,0.0150761250458247,1.7360011625008198,0.0149367706074637,1.4664029989815486,0.0147679900259385,1.2415911346426065,0.0146350759832509,1.040910506856961,0.0145250612030633,0.8977905665449508,0.014430225068772682,0.7862697322728072,0.0150761250458247,2.6474276981267404,0.0150761250458247,2.1138687264307374,0.0150761250458247,1.7360011625008198,0.0150761250458247,1.4931426681592463,0.0150761250458247,1.2866425268258257,0.0150761250458247,1.0906117688118775,0.0150761250458247,0.9421099415474964
2025-08-21,2025-08-22,0.0031595371538294,1.7446456598266615,0.003232910002582,1.4743766579073545,0.0032843113532487,1.2489532178554552,0.003378946545744,1.0478066343642785,0.0035097621004727,0.904451359950045,0.0036307383935450044,0.7927552103709974,0.0031595371538294,2.658951881454878,0.0031595371538294,2.1237071103640424,0.0031595371538294,1.7446456598266615,0.0031595371538294,1.5010198450490928,0.0031595371538294,1.2938672588468585,0.0031595371538294,1.0972171343696715,0.0031595371538294,0.9482461100646368
2025-08-22,2025-08-25,0.0051564305516194,1.7587982345603614,0.0051381008328442,1.487090254674119,0.0051241541351266,1.2604772007864358,0.0051114922852139,1.0582739821774414,0.0050546389167158,0.914077673909041,0.005005816915296509,0.8017294147280583,0.0051564305516194,2.677819012723317,0.0051564305516194,2.1398142891422345,0.0051564305516194,1.7587982345603614,0.0051564305516194,1.5139161801883103,0.0051564305516194,1.3056954260617355,0.0051564305516194,1.1080312888747148,0.0051564305516194,0.9582921058286478
2025-08-25,2025-08-26,0.0180557995853021,1.8086105425798689,0.0182566678440666,1.5324962353519198,0.0183968152034661,1.3020627821209525,0.0183972691018562,1.0961406025129097,0.0183424677425457,0.9491865818994448,0.018300508179968353,0.8347019786203786,0.0180557995853021,2.7442249757280632,0.0180557995853021,2.1965061466820544,0.0180557995853021,1.8086105425798689,0.0180557995853021,1.5593069469120389,0.0180557995853021,1.3473266005794544,0.0180557995853021,1.1460934793461828,0.0180557995853021,0.9936506356209692
2025-08-26,2025-08-27,-0.0104132494156171,1.7793637804886528,-0.0105236752168709,1.5058450674831274,-0.0105643981716508,1.2777428742744883,-0.0103530404122552,1.0744391741453243,-0.0101482721228581,0.9294057060481058,-0.009981338008283522,0.8163891980273021,-0.0104132494156171,2.705235427187624,-0.0104132494156171,2.1632201309181007,-0.0104132494156171,1.7793637804886528,-0.0104132494156171,1.532656245342722,-0.0104132494156171,1.322883303227708,-0.0104132494156171,1.1237456726765211,-0.0104132494156171,0.9728902543046444
2025-08-27,2025-08-28,0.0069422065809086,1.7986586980163004,0.006909375828868,1.5231588928232838,0.0068912013970037,1.293439259151704,0.0069037958230872,1.088760678651037,0.0069273926816355,0.9427714570160892,0.006953703663532483,0.8290198302480256,0.0069422065809086,2.730957936954061,0.0069422065809086,2.185179858527823,0.0069422065809086,1.7986586980163004,0.0069422065809086,1.5502384681963193,0.0069422065809086,1.339009238982058,0.0069422065809086,1.1384891538615522,0.0069422065809086,0.9865864660114884
2025-08-28,2025-08-29,0.0102885014270302,1.8274527020246116,0.0102733542065936,1.5490801978487738,0.010195089624761,1.3168210779477012,0.0101612321200876,1.1099850607501225,0.0100766684839696,0.9623481209285591,0.009978661242206253,0.8472709995393481,0.0102885014270302,2.769343903012603,0.0102885014270302,2.217950586047634,0.0102885014270302,1.8274527020246116,0.0102885014270302,1.5764766003156243,0.0102885014270302,1.3630741388751615,0.0102885014270302,1.1604910025727455,0.0102885014270302,1.0070254637019669
2025-08-29,2025-09-01,0.0234360897894178,1.8937171374245927,0.0232527953860772,1.6083534381120526,0.0231242824026115,1.3703959028304866,0.0230349858775519,1.158588536826347,0.0230257572153637,1.0075326723330855,0.023019094569577413,0.8897935053733821,0.0234360897894178,2.857682585170801,0.0234360897894178,2.2933667649201563,0.0234360897894178,1.8937171374245927,0.0234360897894178,1.636859137260955,0.0234360897894178,1.4184553565728917,0.0234360897894178,1.21112446369827,0.0234360897894178,1.054062292678934
2025-09-01,2025-09-02,-0.0144419292535905,1.8519262792460045,-0.0143293728526276,1.5709773691659117,-0.0142970619853807,1.3365062056778267,-0.0142662399868418,1.127793594727137,-0.0142391370399068,0.9789471394996444,-0.014219615109953076,0.8629213690896835,-0.0144419292535905,2.8019702061929563,-0.0144419292535905,2.245804195095053,-0.0144419292535905,1.8519262792460045,-0.0144419292535905,1.5987778041489489,-0.0144419292535905,1.3835281954102987,-0.0144419292535905,1.1791915606226562,-0.0144419292535905,1.0243976703655968
2025-09-02,2025-09-03,0.0134464797999944,1.890274648350959,0.0134681331802444,1.6056036347772324,0.0134835998804229,1.368010720473312,0.0135447916281047,1.1566141155953322,0.01361564953513,1.0058917901996196,0.013680612146665869,0.8884072737999353,0.0134464797999944,2.853093321770711,0.0134464797999944,2.2894488356391363,0.0134464797999944,1.890274648350959,0.0134464797999944,1.6337222173971115,0.0134464797999944,1.4155782591426007,0.0134464797999944,1.208494015922887,0.0134464797999944,1.051618692747324
2025-09-03,2025-09-04,-0.0227341018667569,1.824566850072443,-0.0226332795426945,1.5466302793338589,-0.0225836290066456,1.3145324448783828,-0.0226066401721176,1.1078603162939586,-0.0226312806448891,0.9604958901523328,-0.022650428557158337,0.8456340397579116,-0.0227341018667569,2.765496705691455,-0.0227341018667569,2.214666170724231,-0.0227341018667569,1.824566850072443,-0.0227341018667569,1.5738469082180648,-0.0227341018667569,1.3606622569321294,-0.0227341018667569,1.1582858879927729,-0.0227341018667569,1.0049769843946637
2025-09-04,2025-09-05,0.1633426281303563,2.285939022693158,0.1337109277897772,1.8871425767211285,0.1134919847647288,1.577213325849991,0.0984120609734484,1.315299194264592,0.0871615639331601,1.131375778022543,0.07870919129783643,0.9909024024590156,0.2526831663741025,3.716974336256824,0.200038946290715,2.857724604192314,0.1633426281303563,2.285939022693158,0.1380497475505455,1.9291658241313208,0.119135800794638,1.641901645317417,0.1038081745303817,1.382333606139987,0.0917734924252899,1.188980724484888
2025-09-05,2025-09-08,0.0152476347745251,2.3360418208025435,0.0152671967100956,1.9312211503700225,0.01541645681208,1.6169448237834745,0.0154886685850905,1.3511600961598833,0.0155166446732092,1.1644475786352042,0.015498764738868874,1.0217589304127768,0.0152494005445056,3.7889053672685575,0.0152474054171097,2.9165448952199933,0.0152476347745251,2.3360418208025435,0.0152474280458515,1.973828069269131,0.0152474280458515,1.6821838505586113,0.0152474280458515,1.4186580663808206,0.0152474280458515,1.2223570505752277
2025-09-08,2025-09-09,0.0102719589532759,2.3703095054522394,0.010200221353488,1.9611202549398223,0.0101347426495697,1.6434668861006436,0.009993018943786,1.374655283540683,0.0098430604006061,1.185752366885656,0.009711900316840136,1.0413940516096272,0.0102719589532759,3.838096806632264,0.0102719589532759,2.956775483622356,0.0102719589532759,2.3703095054522394,0.0102719589532759,2.004375109130764,0.0102719589532759,1.7097351329766894,0.0102719589532759,1.4435024227606943,0.0102719589532759,1.2451850109782598
2025-09-09,2025-09-10,0.0143546554253965,2.4186891370799453,0.014359915812083,2.0036416925102123,0.0143492538633457,1.6813986635286495,0.014356538911122,1.4087471145193358,0.0143799239344104,1.2171833196609292,0.014334489485303052,1.0706563931777855,0.0142656686590222,3.9071154926159535,0.0143215331199217,3.013442574759148,0.0143546554253965,2.4186891370799453,0.0143771171235359,2.0475693619577724,0.0143919049278557,1.7487333833901606,0.0144054093494339,1.478702075406896,0.0144150250207359,1.2775494090876929
2025-09-10,2025-09-11,-0.0134140474441087,2.372830678798496,-0.0145430391134531,1.9599596138932376,-0.0152539392485911,1.6404967712139302,-0.0157610407424365,1.37078275310917,-0.0161285346836236,1.181423401589826,-0.01641714082785154,1.0366621355648946,-0.009418541245209,3.860897622953746,-0.0118801132535592,2.965762422434353,-0.0134140474441087,2.372830678798496,-0.0144616817019298,2.0034963838805857,-0.0152226903217458,1.7068902663177674,-0.0158000223800225,1.4395385271420589,-0.0162536914571809,1.2405308237138968
2025-09-11,2025-09-12,0.0100276143495053,2.4066521241116674,0.009960552874623,1.98944244813417,0.0099273007402191,1.6667097767653485,0.009898701636342,1.394250424226783,0.0098060422518925,1.202814531635083,0.009719931659465605,1.0564583523360067,0.0100276143495053,3.9096408297091534,0.0100276143495053,3.005529558608284,0.0100276143495053,2.4066521241116674,0.0100276143495053,2.033614287318274,0.0100276143495053,1.7340339179948314,0.0100276143495053,1.4640012786829997,0.0100276143495053,1.262998002752279
2025-09-12,2025-09-15,-0.002038793862917,2.3997066626679358,-0.002030862304585,1.983371302154528,-0.0020292694402665,1.6612983041092986,-0.0020178690828161,1.3894191403192164,-0.0019520293605817,1.1985145729934148,-0.0018938566648435214,1.052563714979462,-0.002038793862917,3.899631084116416,-0.002038793862917,2.997363109526461,-0.002038793862917,2.3997066626679358,-0.002038793862917,2.027429373126832,-0.002038793862917,1.7284597864218163,-0.002038793862917,1.458977687997801,-0.002038793862917,1.258384216312474
2025-09-15,2025-09-16,-0.005192088082796,2.3820550862196943,-0.0050655521705758,1.9682588791792652,-0.004963208445687,1.6480897258898506,-0.0049136416242966,1.377678390973453,-0.0049070080506232,1.1877264442843236,-0.004895232309627519,1.0425159387643252,-0.005192088082796,3.8741917679544775,-0.005192088082796,2.9766084481628794,-0.005192088082796,2.3820550862196943,-0.005192088082796,2.0117106931571134,-0.005192088082796,1.7142933828803475,-0.005192088082796,1.446210459248086,-0.005192088082796,1.246658486536583
2025-09-16,2025-09-17,-0.0099764251543346,2.348314266784187,-0.0098392326140807,1.9390534896082103,-0.009736360510255,1.6223069696550847,-0.0096597676125043,1.354710570259376,-0.0096008670432782,1.166722373565686,-0.009491232565542749,1.0231299449706852,-0.0099764251543346,3.8255647585936057,-0.0099764251543346,2.936936111611688,-0.0099764251543346,2.348314266784187,-0.0099764251543346,1.9816645868403224,-0.0099764251543346,1.687214438099136,-0.0099764251543346,1.4218060236896468,-0.0099764251543346,1.2242448662983003
2025-09-17,2025-09-18,0.0121367519275073,2.38895192641548,0.0121831824358586,1.9748605144608544,0.0121836352352385,1.6542562012481858,0.0121849282218937,1.3834025495413211,0.0122085765712258,1.1931749695719511,0.012233756509858678,1.0478804241052604,0.0121367519275073,3.884131440978778,0.0121367519275073,2.984717728552764,0.0121367519275073,2.38895192641548,0.0121367519275073,2.017852310261837,0.0121367519275073,1.7198284931103611,0.0121367519275073,1.451198882615711,0.0121367519275073,1.2512399744665943
2025-09-18,2025-09-19,0.0140798460518686,2.4366678478165937,0.0140042858925238,2.016521311595745,0.013900817939358,1.6911525334661488,0.0138235066512545,1.4163495305375229,0.0137633697822048,1.2233604476752458,0.013731495079487628,1.0760008840722408,0.0140798460518686,3.952899259764851,0.0140798460518686,3.0408219407309387,0.0140798460518686,2.4366678478165937,0.0140798460518686,2.0603432061976004,0.0140798460518686,1.7581232595808411,0.0140798460518686,1.485711385525453,0.0140798460518686,1.2829370867328969
2025-09-19,2025-09-22,0.0079047911823013,2.463833989516513,0.0078857263053951,2.0403087730533804,0.0078825327089819,1.7123656313360556,0.0078902280451397,1.4354150793702305,0.0078966606640626,1.2409175706644358,0.007902974721449301,1.0924074665807701,0.0079047911823013,3.992050894160268,0.0079047911823013,3.0727637943772788,0.0079047911823013,2.463833989516513,0.0079047911823013,2.084534580188767,0.0079047911823013,1.7799256480028762,0.0079047911823013,1.5053604149675004,0.0079047911823013,1.300983227685852
2025-09-22,2025-09-23,0.010169363906176,2.499058977866488,0.0101221940584268,2.0710833684517644,0.0100872349107485,1.739725900623183,0.0100970489403418,1.460005584616678,0.0101730874412234,1.2637146210593788,0.010218527879279606,1.1137887906128388,0.010169363906176,4.042816876341134,0.010169363906176,3.1141812115061995,0.010169363906176,2.499058977866488,0.010169363906176,2.1159023348158903,0.010169363906176,1.8081957235495296,0.010169363906176,1.5308383367434328,0.010169363906176,1.3243827634701968
2025-09-23,2025-09-24,-0.0056987633774684,2.47911866870782,-0.006096643972746,2.052360066543692,-0.00604944481717,1.7231520799731914,-0.0060226820295665,1.445189753189574,-0.0060046074325973,1.2501219034204865,-0.005990591842663702,1.1011259447266797,-0.0056987633774684,4.0140790562069615,-0.0056987633774684,3.0907354662897992,-0.0056987633774684,2.47911866870782,-0.0056987633774684,2.098145544702473,-0.0056987633774684,1.792192480603402,-0.0056987633774684,1.516415687915706,-0.0056987633774684,1.311136656102514
2025-09-24,2025-09-25,0.0056977737343339,2.4989418996770145,0.0057061632000625,2.069777331228744,0.0057128087852214,1.738708927099156,0.0057233908350462,1.4591845298129282,0.0057316422572426,1.263018797206079,0.005738243394999702,1.1131827168010702,0.0056977737343339,4.042648144155292,0.0056977737343339,3.114043551383734,0.0056977737343339,2.4989418996770145,0.0056977737343339,2.1157980770122227,0.0056977737343339,1.808101761580589,0.0056977737343339,1.5307536551269785,0.0056977737343339,1.3243049898381112
2025-09-25,2025-09-26,0.0041822953722892,2.513575508191942,0.0041228399776937,2.082433531932552,0.0040807294236637,1.7498848572008203,0.004063204519372,1.469176699508434,0.0040392032239136,1.2721595900275309,0.00402012767805232,1.1216779811296638,0.0041822953722892,4.063737988152675,0.0041822953722892,3.131249696690082,0.0041822953722892,2.513575508191942,0.0041822953722892,2.1288292648906983,0.0041822953722892,1.8198460725829648,0.0041822953722892,1.54133801442722,0.0041822953722892,1.3340259198409
2025-09-26,2025-09-29,0.0101226350204044,2.549142150678002,0.0099613816146666,2.113138828645977,0.0096715823988083,1.776480595184473,0.0095085870297074,1.4926550810474355,0.0093813661457359,1.2934755510831244,0.00925632673742772,1.141316925754606,0.0101226350204044,4.114996359645701,0.0101226350204044,3.173068829547832,0.0101226350204044,2.549142150678002,0.0101226350204044,2.160501261580347,0.0101226350204044,1.848390345189443,0.0101226350204044,1.567063051610746,0.0101226350204044,1.357652412355613
2025-09-29,2025-09-30,0.0086222147074277,2.5797436163283294,0.0087107784382931,2.1402566912299594,0.0088512777124747,1.801055995995748,0.0087559013751764,1.5144805230994192,0.0085884262548079,1.3131728967208067,0.008444917450162803,1.15940017042724,0.0086222147074277,4.159098956486278,0.0086222147074277,3.2090499249850675,0.0086222147074277,2.5797436163283294,0.0086222147074277,2.187751782040789,0.0086222147074277,1.8729497783162308,0.0086222147074277,1.5891968204092386,0.0086222147074277,1.3779805976604282
2025-09-30,2025-10-09,0.0547532742545676,2.775746300314192,0.05411249528039,2.3101838166133537,0.0532730952578281,1.95027691889294,0.0525676364064079,1.646660820988704,0.0519736110380995,1.433396845118848,0.05148004649419733,1.270566191600412,0.0547532742545676,4.441576516557224,0.0547532742545676,3.439509189878942,0.0547532742545676,2.775746300314192,0.0547532742545676,2.3622916296183547,0.0547532742545676,2.0302531854479784,0.0547532742545676,1.7309638240161598,0.0547532742545676,1.5081828214961703
2025-10-09,2025-10-10,-0.000801696295073,2.7727192984940943,-0.000711497988303,2.30782862748692,-0.0006542771151462,1.948346620221564,-0.0006387492246727,1.644970268441326,-0.0006243757592836,1.4318774911160386,-0.0007604574224794737,1.2688395226867786,-0.000801696295073,4.437214024824543,-0.000801696295073,3.435950051809473,-0.000801696295073,2.7727192984940943,-0.000801696295073,2.3595960928759343,-0.000801696295073,2.0278238426960717,-0.000801696295073,1.7287744204364677,-0.000801696295073,1.506172020620811
2025-10-10,2025-10-13,-0.0103925378963106,2.733511170212352,-0.0098844423069184,2.275132586257352,-0.0095624241121307,1.9201532794094387,-0.0093439866788908,1.620255701486948,-0.009203370956149,1.4094960204453884,-0.009086735367012265,1.2482231783539057,-0.0103925378963106,4.380707572021203,-0.0103925378963106,3.3898492727899026,-0.0103925378963106,2.733511170212352,-0.0103925378963106,2.3246813631644243,-0.0103925378963106,1.9963570686675,-0.0103925378963106,1.7004155288615983,-0.0103925378963106,1.4801265329218358
2025-10-13,2025-10-14,-0.0082944867622663,2.7025436112342525,-0.0082556593013938,2.248094207458318,-0.0082189639678887,1.89615264482526,-0.0081365680332209,1.598935812707364,-0.0080589454622062,1.390078023425216,-0.008005893980091312,1.2302241419444204,-0.0082944867622663,4.336077364293447,-0.0082944867622663,3.3534377261084023,-0.0082944867622663,2.7025436112342525,-0.0082944867622663,2.297104837608904,-0.0082944867622663,1.971503824626414,-0.0082944867622663,1.6780169680048376,-0.0082944867622663,1.45955515622577
2025-10-14,2025-10-15,0.0202400585035685,2.7774833105376477,0.0201439110946739,2.313523528400484,0.0201068568536019,1.9543851714809424,0.0201043016883919,1.6511856023547988,0.0200860226999253,1.4380851848583274,0.019994328870825816,1.2748159768941125,0.0204407648384346,4.445150866856664,0.0203174444600281,3.441888455318802,0.0202400585035685,2.7774833105376477,0.0201905217269957,2.363675104468829,0.0201553716617158,2.031395588605969,0.0201287831587561,1.7319221908492768,0.0201080904208822,1.5090121137023047
2025-10-15,2025-10-16,-0.0053227348750258,2.75737676838082,-0.005270443340254,2.2960597903874502,-0.0052291422674164,1.9389362711065237,-0.0051343188462363,1.637573570151758,-0.0049091860595968,1.4261161710567114,-0.004668424458019127,1.2641961703500875,-0.0053227348750258,4.416167772437868,-0.0053227348750258,3.418245460726702,-0.0053227348750258,2.75737676838082,-0.0053227348750258,2.3457711536820165,-0.0053227348750258,2.0152602735864966,-0.0053227348750258,1.7173808933281864,-0.0053227348750258,1.4956573074228392
2025-10-16,2025-10-17,-0.0355625290674735,2.623754947837828,-0.0352838667718827,2.17976205587126,-0.0351003916705539,1.8357784568958877,-0.0347592431912724,1.5458935089919803,-0.0343882905188957,1.342686183333822,-0.03401945042223115,1.1871694609866568,-0.0360205805313695,4.221074265019361,-0.0357353346831855,3.260357980475168,-0.0355625290674735,2.623754947837828,-0.0354465899821619,2.227174975423305,-0.0353639573796311,1.9086287377828888,-0.0353019059227546,1.6214521686756238,-0.035253597970412,1.4076764080350332
2025-10-17,2025-10-20,0.023582360887415,2.709211644785295,0.0234104920708646,2.25420185026747,0.0232895163632145,1.9018223656702151,0.0231940834148911,1.6049431754049706,0.0230647634853047,1.3967196860727076,0.022771136197140485,1.2369737946690105,0.023582360887415,4.344199522557043,0.023582360887415,3.3608272798803123,0.023582360887415,2.709211644785295,0.023582360887415,2.303279380340572,0.023582360887415,1.9772210703647917,0.023582360887415,1.6832721997664293,0.023582360887415,1.4644551019894307
2025-10-20,2025-10-21,0.0130974288305103,2.757792780320171,0.0127717238801536,2.295763617749371,0.012592927644876,1.938364804759383,0.0124449910396201,1.6373616698816056,0.0123350842120395,1.4262834252330676,0.012265773272099788,1.2644120080500496,0.0130974288305103,4.414194795459781,0.0130974288305103,3.417942904820693,0.0130974288305103,2.757792780320171,0.0130974288305103,2.346543846931876,0.0130974288305103,2.01621501144659,0.0130974288305103,1.7184161664357571,0.0130974288305103,1.4967331272937257
2025-10-21,2025-10-22,0.0034887312910074,2.770902709577996,0.0039207183997349,2.308685378806658,0.0042430022859544,1.9508322933429456,0.0045382765533781,1.6493307465108074,0.0048120704294962,1.4379588719572087,0.005047890761044697,1.2758425125046844,0.0023406306718571,4.426867425861444,0.0030404478010559,3.4313754296108456,0.0034887312910074,2.770902709577996,0.0037995505996726,2.359259209612316,0.0040324308462296,2.028377689897608,0.0042107958929464,1.7298628620647043,0.004351038326174,1.507596508820809
2025-10-22,2025-10-23,0.0081638077511259,2.8016876343471906,0.0078262355118414,2.334579929815785,0.0075200950903882,1.973022832784673,0.0072463746439595,1.6685287896557854,0.0070301584713521,1.455098109173707,0.00683708341070886,1.291402637592316,0.0087515104853161,4.474360713041291,0.0084011544913527,3.4686040992041907,0.0081638077511259,2.8016876343471906,0.0079970077178754,2.38612323143793,0.0078729947314945,2.052220091495148,0.0077769547156725,1.7510928819229776,0.0077010298552747,1.526907584400221
2025-10-23,2025-10-24,0.0118652980821234,2.846795791343842,0.0101868082514169,2.368548656159842,0.0089914604719612,1.9997546500678944,0.0081655282605843,1.6903187369019026,0.0076653084610033,1.4739171934825492,0.007311633274414255,1.3081565333624168,0.0176890231584458,4.571196806471964,0.0141284510762737,3.531738553599034,0.0118652980821234,2.846795791343842,0.0103093545882706,2.4210319765104047,0.0091752078523938,2.0802248452458687,0.0083107188804198,1.7739564414785636,0.0076299670460585,1.5461878059976295
2025-10-24,2025-10-27,0.0089631260146807,2.881275106774401,0.0088596053374636,2.3983926678134617,0.0087998172729549,2.0261519428521884,0.0087637588989651,1.713896041673479,0.0087424668734123,1.4955453325941357,0.008715065662343303,1.328272269109637,0.0089631260146807,4.621132145500959,0.0089631260146807,3.5723570973205288,0.0089631260146807,2.881275106774401,0.0089631260146807,2.45169511721612,0.0089631260146807,2.107833288687358,0.0089631260146807,1.798819762622771,0.0089631260146807,1.56900960815983
2025-10-27,2025-10-28,0.0059960303167292,2.9045473499821868,0.0060451875770372,2.4189365889508223,0.006134278127151,2.044715200524662,0.0062127876745732,1.7307569015512612,0.0063007084254196,1.5112690360972283,0.006404214388465475,1.343183023875734,0.0059960303167292,4.654836624259724,0.0059960303167292,3.599773089094975,0.0059960303167292,2.9045473499821868,0.0059960303167292,2.472391585783054,0.0059960303167292,2.1264679513056675,0.0059960303167292,1.815601570770518,0.0059960303167292,1.5844134676543251
2025-10-28,2025-10-29,-0.0071890587452678,2.876477329709485,-0.0072782987531052,2.394052547038516,-0.0073162483604993,2.0224393079306355,-0.0073323435810131,1.7107340537128644,-0.0073453394545107,1.492822912565492,-0.007369851704600015,1.3259141124730336,-0.0071890587452678,4.614183671573029,-0.0071890587452678,3.566705050142569,-0.0071890587452678,2.876477329709485,-0.0071890587452678,2.447428358686286,-0.0071890587452678,2.1039915895385337,-0.0071890587452678,1.7953600456749803,-0.0071890587452678,1.5658339674132966
2025-10-29,2025-10-30,0.0068819952293008,2.9031552281990387,0.006929880652704,2.4175729261184986,0.0069596661429719,2.043474476451228,0.0069217470480192,1.7294970691471163,0.006877139025612,1.5099664023014356,0.0067973211983497,1.3417240977752871,0.0068819952293008,4.652820456817214,0.0068819952293008,3.598133092511274,0.0068819952293008,2.9031552281990387,0.0068819952293008,2.471153544204121,0.0068819952293008,2.125353244849528,0.0068819952293008,1.8145977001734936,0.0068819952293008,1.5834920245362132
2025-10-30,2025-10-31,0.0061370992228266,2.927109279116591,0.0059439240790552,2.4378867201259817,0.0058156462791134,2.061174247465778,0.0057189728262944,1.745106988715019,0.0056481212570303,1.524142996892706,0.005601602448401158,1.354841505214865,0.0061370992228266,4.687512376849525,0.0061370992228266,3.626352291539779,0.0061370992228266,2.927109279116591,0.0061370992228266,2.4924563579225687,0.0061370992228266,2.144533847819553,0.0061370992228266,1.8318711655317983,0.0061370992228266,1.5993471714321732
2025-10-31,2025-11-03,0.0116176857133696,2.972733200483425,0.0116687213424968,2.478002462270202,0.0116522433281581,2.0968437946671403,0.0116474725766302,1.7770805470859932,0.0116445200725889,1.5535354306861082,0.011640500842017579,1.3822530397391364,0.0116176857133696,4.753588108134663,0.0116176857133696,3.680099798462216,0.0116176857133696,2.972733200483425,0.0116176857133696,2.5330306182565727,0.0116176857133696,2.181066053778573,0.0116176857133696,1.8647709547137008,0.0116176857133696,1.6295455699298085
2025-11-03,2025-11-04,0.0003837832303902,2.9742578688645853,0.0003468052505065,2.4792086517853926,0.0003177207616108,2.097827726236172,0.0003015926133389,1.7779180940656416,0.0002634226550799,1.5542080897691002,0.0003207086416642496,1.3830170488756117,0.0003837832303902,4.7557962387651385,0.0003837832303902,3.681895942281419,0.0003837832303902,2.9742578688645853,0.0003837832303902,2.5343865361603157,0.0003837832303902,2.182286893584777,0.0003837832303902,1.8658704057650288,0.0003837832303902,1.6305547454230949
2025-11-04,2025-11-05,0.0030470202123549,2.9863675129201264,0.0032539521712492,2.490529830332099,0.0034262674407596,2.1084417125116577,0.0036013812587176,1.7879224362278625,0.0037442247046556,1.5637716187996444,0.0038284568419359134,1.3921403268008299,0.0030470202123549,4.773334266242852,0.0030470202123549,3.696161773849693,0.0030470202123549,2.9863675129201264,0.0030470202123549,2.545155883374271,0.0030470202123549,2.1919833860710423,0.0030470202123549,1.8746027708173845,0.0030470202123549,1.6385700989021053
2025-11-05,2025-11-06,0.0078881537498891,3.017812592765604,0.0080852483678536,2.518751630945736,0.0080217503372134,2.1333768558672066,0.007990371420977,1.810198971986198,0.0080678903232677,1.5844558470340266,0.008199197500970352,1.4117539577903058,0.0078881537498891,4.818875214584479,0.0078881537498891,3.7332058199561713,0.0078881537498891,3.017812592765604,0.0078881537498891,2.5731206180496518,0.0078881537498891,2.2171622417874626,0.0078881537498891,1.8972780794434487,0.0078881537498891,1.659383545522105
2025-11-06,2025-11-07,0.0029151751865773,3.029525220340352,0.0028089664902079,2.528635686364427,0.0027335039201516,2.141941953786032,0.0026949798914075,1.8177724017065549,0.0027625219461894,1.5915954630304152,0.0028339250577719705,1.4185886877644687,0.0029151751865773,4.835838255223825,0.0029151751865773,3.747003944115471,0.0029151751865773,3.029525220340352,0.0029151751865773,2.583536890614037,0.0029151751865773,2.2265408333259145,0.0029151751865773,1.905724152609257,0.0029151751865773,1.6671361144456034
2025-11-07,2025-11-10,0.0082696605506482,3.0628480260928423,0.0081343795366972,2.5573389482840496,0.0080366205149669,2.167192548948664,0.0079611072348073,1.8402049899598216,0.0078929200274392,1.612050718763589,0.007817425124459949,1.4374958237379336,0.0082696605506482,4.884098656623014,0.0082696605506482,3.7862600553658936,0.0082696605506482,3.0628480260928423,0.0082696605506482,2.613171524270141,0.0082696605506482,2.2532232307703257,0.0082696605506482,1.929753505005156,0.0082696605506482,1.6891924247544434
2025-11-10,2025-11-11,0.0018003779691302,3.070162688170944,0.0018621533477191,2.5639632589155688,0.0019058122201851,2.1732286232121294,0.0019672336778585,1.8457923368680924,0.0020197488263039,1.6173264051370584,0.0020617842765218706,1.442521414301404,0.0018003779691302,4.8946922582125865,0.0018003779691302,3.7948771325241024,0.0018003779691302,3.070162688170944,0.0018003779691302,2.6196765986811257,0.0018003779691302,2.259080262203667,0.0018003779691302,1.935028168670549,0.0018003779691302,1.694033987550723
2025-11-11,2025-11-12,0.0092176811312644,3.1076801499828743,0.009079360500622,2.5963217661542357,0.0089839630725458,2.2017367919838127,0.0089160084550498,1.8711654454049245,0.0088451677891803,1.6404770963495476,0.008787834250020115,1.4639858876424094,0.0092176811312644,4.949027651815724,0.0092176811312644,3.839074780995301,0.0092176811312644,3.1076801499828743,0.0092176811312644,2.6530416233660685,0.0092176811312644,2.2891214248418588,0.0092176811312644,1.9620823224406332,0.0092176811312644,1.718866733804755
2025-11-12,2025-11-13,0.0019184383258277,3.115560481012843,0.0019191932425927,2.6032238025860277,0.0018889515475868,2.207784717651996,0.0018159773265245,1.8763794167544805,0.001757105119974,1.6451166921747178,0.0017038129979204653,1.4681840588244675,0.0019184383258277,4.960440494464376,0.0019184383258277,3.8483582475167095,0.0019184383258277,3.115560481012843,0.0019184383258277,2.660049758422178,0.0019184383258277,2.2954314014415766,0.0019184383258277,1.96776489469226,0.0019184383258277,1.7240827119497042
2025-11-13,2025-11-14,0.0066387541956018,3.1428826754234205,0.0066440238663705,2.6271637075262837,0.0066534219176842,2.229127462799635,0.0066605678174682,1.895537736928543,0.0066486800631865,1.6627032267907813,0.0066059447307895034,1.4844887463024778,0.0066387541956018,5.000010393804637,0.0066387541956018,3.880545306174192,0.0066387541956018,3.1428826754234205,0.0066387541956018,2.6843479291120147,0.0066387541956018,2.317308960484215,0.0066387541956018,1.9874671563384585,0.0066387541956018,1.742167227482827
2025-11-14,2025-11-17,0.0146161076592038,3.20343549462686,0.0145018635606848,2.679764340725097,0.0143995548687462,2.275625460878394,0.0143008468489345,1.9369463786496688,0.0142015669848866,1.7005177850269244,0.01410314057139003,1.5195278403396184,0.0146161076592038,5.087707191676829,0.0146161076592038,3.9518798818048566,0.0146161076592038,3.20343549462686,0.0146161076592038,2.738198755097881,0.0146161076592038,2.3657951053894943,0.0146161076592038,2.031132297923837,0.0146161076592038,1.782247038899257
2025-11-17,2025-11-18,-0.0024021356209765,3.1933382724947394,-0.0023172717643295,2.6712373267189484,-0.0022635047945129,2.268211066942667,-0.0022542961057322,1.9303256318655344,-0.0022698312095608,1.6943880654764962,-0.002432510332584002,1.5133990628347593,-0.0024021356209765,5.073083693381627,-0.0024021356209765,3.939984794749976,-0.0024021356209765,3.1933382724947394,-0.0024021356209765,2.72921909470997,-0.0024021356209765,2.3577100090739296,-0.0024021356209765,2.0238511070591017,-0.0024021356209765,1.7755637041807604
2025-11-18,2025-11-19,0.0050334760565648,3.214445340286419,0.0053413104354605,2.6908465449632044,0.0056221296919456,2.2865853734216706,0.005874084537403,1.9475386123492315,0.006092741677658,1.7108042759388096,0.006268137994770804,1.5291533949965355,0.0047250439691025,5.101779280860894,0.0049155015048572,3.964267297442541,0.0050334760565648,3.214445340286419,0.00511270605232,2.748285495745921,0.0051695858318554,2.375067979164317,0.0052124036237156,2.039612639527113,0.0052458004172659,1.7901237574183
2025-11-19,2025-11-20,0.0052310807911782,3.2364914443514614,0.0051962911877118,2.710025258339993,0.00517062301999,2.303579067410647,0.0051513638522589,1.9627224562100247,0.0051432775563242,1.7247466947308334,0.0051666885063116645,1.5422207427731633,0.0052313805043857,5.133700010032855,0.0052310807911782,3.9902357807444666,0.0052310807911782,3.2364914443514614,0.0052310807911782,2.767893080002569,0.0052310807911782,2.392723232439044,0.0052310807911782,2.055513098818366,0.0052310807911782,1.8047191202107409
2025-11-20,2025-11-21,-0.0433051597693679,3.053029505492261,-0.0430928034918879,2.5501498689324067,-0.0429722309185659,2.161616904868136,-0.0428048921605894,1.8359034409701975,-0.0426274162219514,1.608597783275156,-0.04248304863193042,1.4342194553248286,-0.0433051597693679,4.868079151121008,-0.0433051597693679,3.7741328229725104,-0.0433051597693679,3.053029505492261,-0.0433051597693679,2.604723868179162,-0.0433051597693679,2.245800810805025,-0.0433051597693679,1.92319361589664,-0.0433051597693679,1.6832603106018134
2025-11-21,2025-11-24,0.0228418363841592,3.1456081423168847,0.0226436698111276,2.6305382903445302,0.0223722487451463,2.2323493847007057,0.0222902800616243,1.8991165228971472,0.0222668908659607,1.666683145428531,0.022254780290859574,1.4883924744828185,0.0228418363841592,5.002116854980209,0.0228418363841592,3.883182783791092,0.0228418363841592,3.1456081423168847,0.0228418363841592,2.687062380986184,0.0228418363841592,2.319940861861004,0.0228418363841592,1.9899647261901692,0.0228418363841592,1.744550903592688
2025-11-24,2025-11-25,0.0182352280624277,3.221204252249491,0.018197572357452,2.696605273579576,0.0180498738809988,2.2906928834338776,0.0178538304578226,1.9508768577744249,0.0177211933093864,1.7139399529435524,0.017642228803274672,1.5322932638699913,0.0182352280624277,5.111566824688116,0.0182352280624277,3.972228735524044,0.0182352280624277,3.221204252249491,0.0182352280624277,2.754296804383865,0.0182352280624277,2.380480740630813,0.0182352280624277,2.044487414870862,0.0182352280624277,1.7945984152486432
2025-11-25,2025-11-26,0.0090798833845528,3.2595322946022947,0.0090801380276237,2.73017095969732,0.0091595235389463,2.320834062359133,0.0092390664744241,1.978140205221243,0.0093195017956779,1.739232521208372,0.009399157235357761,1.5560946864231426,0.0090798833845528,5.167059138753186,0.0090798833845528,4.017375992603925,0.0090798833845528,3.2595322946022947,0.0090798833845528,2.78838538155867,0.0090798833845528,2.411175111539468,0.0090798833845528,2.0721310055636284,0.0090798833845528,1.8199730429657568
2025-11-26,2025-11-27,0.0049535972017516,3.280632301857607,0.0049136277866065,2.7484996313736816,0.0048886044187961,2.337068306430471,0.0048952066511795,1.9927188169619876,0.0049145250132833,1.7526945479510498,0.004970578881975484,1.568799956691807,0.0049535972017516,5.19760826564595,0.0049535972017516,4.042230052281023,0.0049535972017516,3.280632301857607,0.0049535972017516,2.8071515167839154,0.0049535972017516,2.4280726990266746,0.0049535972017516,2.0873491051162025,0.0049535972017516,1.8339420535404072
2025-11-27,2025-11-28,0.0093185090206154,3.3205214125764044,0.0090728903810833,2.7825093576226663,0.008871315603158,2.366672492566112,0.0087202769290547,2.018816153816689,0.0086044682643719,1.7763800208304046,0.008529867490368975,1.5907114799316533,0.0098915360357572,5.258912131141094,0.0095359448959631,4.090312480212344,0.0093185090206154,3.3205214125764044,0.0091713268933776,2.8420681478769594,0.009065620852464,2.4591503063707334,0.0089860223769494,2.115092093260232,0.0089239216743512,1.859231930455852
2025-11-28,2025-12-01,0.0034577506866961,3.3354606984576263,0.0033520653165036,2.7951885760497035,0.0032508488398193,2.3776170359326225,0.0031711488401291,2.028389269161428,0.0031122467369373,1.7850208004907322,0.0030671323546099826,1.5986575349332113,0.0037971106111685,5.282677912808621,0.0035860847798795,4.108566772322464,0.0034577506866961,3.3354606984576263,0.0033715258448783,2.8550217799353104,0.0033095299088641,2.470598467768924,0.0032628300463618,2.125256109339306,0.0032263864716476,1.8684569176755772
2025-12-01,2025-12-02,0.0061389876426631,3.3620760381107093,0.0059822088433551,2.8178921867115485,0.0058695114477144,2.3974419977910246,0.0057951192272057,2.045939146042609,0.005739299737048,1.8010048696386618,0.005693068530873539,1.6134518703678569,0.0058375009230569,5.319353050923911,0.0060255893112725,4.139348897661693,0.0061389876426631,3.3620760381107093,0.0062146325172079,2.878979323643441,0.0062714435969366,2.4923641303071515,0.0063122115955137,2.144983387191628,0.0063439566356096,1.8866542839724256
2025-12-02,2025-12-03,0.0029184281416109,3.374806443576179,0.0029919072406608,2.829314965989033,0.0030449003429652,2.4077868700953027,0.0030845037502958,2.05533435676175,0.0031154784042877,1.8097313398203256,0.003148470083416908,1.6216802453961603,0.0026741882984999,5.336252190906782,0.0028253237270208,4.153869222043695,0.0029184281416109,3.374806443576179,0.0029815412959078,2.8905446606828566,0.0030271443284068,2.5029360205769424,0.0030616365361661,2.1546121832354896,0.0030886375656799,1.8955701128330336
2025-12-03,2025-12-04,0.0077258364075783,3.4086054824740675,0.0076977091650235,2.858791918898489,0.0076686738190589,2.4339200760469355,0.0076444016623954,2.078690559797754,0.0076372214501336,1.8311898802779143,0.007642369726502759,1.6417160951361458,0.0079414832152043,5.38657143132817,0.007806669948568,4.194103778018274,0.0077258364075783,3.4086054824740675,0.007671545165545,2.920391149765855,0.0076323047509164,2.529671495808949,0.007603130913021,2.1785971126444403,0.0075804176474863,1.917519743615887
2025-12-04,2025-12-05,-0.0019710082770356,3.399916084577926,-0.0022015688932942,2.850296522644147,-0.0023656227103031,2.425796716729673,-0.0024890816459158,2.0710274476319066,-0.0025848928348818,1.8238715578421936,-0.0026615417860546223,1.6346850573620482,-0.001197693236726,5.378922277918999,-0.0016796558448644,4.185379471248694,-0.0019710082770356,3.399916084577926,-0.0021661650510058,2.9118989354709592,-0.0023060192941324,2.521532005237664,-0.0024117707276993,2.170931065173015,-0.002493700158859,1.910244324167758
2025-12-05,2025-12-08,0.0018628041794505,3.4081122666495096,0.0016503184128689,2.8566507378904715,0.0015001993507615,2.430936094739952,0.001320480399675,2.0750826791833688,0.0011820131105149,1.8272094110459736,0.001078523525421121,1.6375266271784885,0.0026892128828292,5.396076557887346,0.0021747259262323,4.196656250422171,0.0018628041794505,3.4081122666495096,0.0016541413944238,2.918369769430925,0.0015047448195269,2.526831012279344,0.0013925044416018,2.1753466007652817,0.001305091768815,1.9140424600804704
2025-12-08,2025-12-09,0.0079539474498163,3.4431741599713312,0.0078602518186658,2.8869649838669345,0.0078046493347533,2.457713347849346,0.0077522278382309,2.098921420733796,0.0077155668813811,1.849022934344569,0.007686689562986881,1.657800475575721,0.0079539474498163,5.446950614713785,0.0079539474498163,4.23799018115279,0.0079539474498163,3.4431741599713312,0.0079539474498163,2.949536276665928,0.0079539474498163,2.5548832408153963,0.0079539474498163,2.200603140762722,0.0079539474498163,1.9372206006744843
2025-12-09,2025-12-10,0.0011419768135776,3.4482481618407057,0.0010252855540605,2.890950232914033,0.0009416520568469,2.460969310735336,0.0009020280025027,2.101716734632853,0.0008687247518205,1.851497951086139,0.0008155057203473174,1.659967927067095,0.0011419768135776,5.454312882834068,0.0011419768135776,4.243971844489414,0.0011419768135776,3.4482481618407057,0.0011419768135776,2.954046555518264,0.0011419768135776,2.558942835051383,0.0011419768135776,2.2042581553389367,0.0011419768135776,1.940574838496817
2025-12-10,2025-12-11,-0.0007137956237843,3.4450730217692778,-0.0007117835840338,2.8881807184119523,-0.0007108178813396,2.4585091918624973,-0.0006842761717645,2.09959430377978,-0.0006106490341325,1.8497566866164767,-0.0005313968875153719,1.658554428389761,-0.0007137956237843,5.449705822543766,-0.0007137956237843,4.240228720335569,-0.0007137956237843,3.4450730217692778,-0.0007137956237843,2.951224174390696,-0.0007137956237843,2.556402477230425,-0.0007137956237843,2.201970969890181,-0.0007137956237843,1.938475869045688
2025-12-11,2025-12-12,0.0058698906816559,3.4711651144790414,0.0057656394852101,2.910598566687661,0.0057578095742756,2.4784226292001232,0.0057594115541062,2.117446143026011,0.0058078265211314,1.86630757907978,0.00589351555601844,1.674222660269998,0.0058698906816559,5.487564890650938,0.0058698906816559,4.270988290070813,0.0058698906816559,3.4711651144790414,0.0058698906816559,2.9744174283530853,0.0058698906816559,2.577278170991738,0.0058698906816559,2.220766189449272,0.0058698906816559,1.9557244011676695
2025-12-12,2025-12-15,0.0067523077997752,3.5013557975556218,0.0067993101541168,2.937187939230815,0.0067828002018898,2.50201607491172,0.0067566427761342,2.138509612988276,0.0067360095942493,1.885615054432531,0.006748083567148482,1.6922685382586624,0.0067523077997752,5.531370925663628,0.0067523077997752,4.306579625414382,0.0067523077997752,3.5013557975556218,0.0067523077997752,3.0012539181541165,0.0067523077997752,2.601433054287692,0.0067523077997752,2.242513794111543,0.0067523077997752,1.9756823620956605
2025-12-15,2025-12-16,-0.0114179490073111,3.449959546595367,-0.0112588254293059,2.8928598275406467,-0.011100414592957,2.463142244568999,-0.0109659699380981,2.104092810921814,-0.0108790962555456,1.854222170498908,-0.010846797147263597,1.6630660475582109,-0.0114179490073111,5.456796065486566,-0.0114179490073111,4.245989369848163,-0.0114179490073111,3.449959546595367,-0.0114179490073111,2.9555678049513285,-0.0114179490073111,2.560312075320589,-0.0114179490073111,2.2054909369548743,-0.0114179490073111,1.941706172623297
2025-12-16,2025-12-17,0.0087550532157857,3.4889191792339025,0.0075658120678691,2.922312473402377,0.0067144695511223,2.4863954077213632,0.0060766041368492,2.1229551541378253,0.0055804865924146,1.8701501190531495,0.0051298943566766685,1.676727295047037,0.0142041847619066,5.54850958977069,0.0108223048881021,4.302763066248404,0.0087550532157857,3.4889191792339025,0.0073506464421557,2.9846437853635,0.0063317882384393,2.5828552174442776,0.0055601038954718,2.2233137996003367,0.0049564086443928,1.956286470526551
2025-12-17,2025-12-18,-0.0002271652101307,3.487899452965292,-0.0001623894147744,2.921675531375259,-0.0001526352211945,2.485863260987134,-0.0001470968882995,2.1224957771523525,-0.0001438905668471,1.8697371315255824,-0.0001264763748864464,1.6763887522821999,-0.0002271652101307,5.547021996213687,-0.0002271652101307,4.301558462962186,-0.0002271652101307,3.487899452965292,-0.0002271652101307,2.983738612920701,-0.0002273065515348,2.582040810980152,-0.0002273065515348,2.2225811192560347,-0.0002273065515348,1.955614487243586
2025-12-18,2025-12-19,0.0065536356652552,3.5173115108823243,0.0066147720275284,2.947616520981243,0.0066876382806531,2.5091754535724338,0.0068450323474314,2.1438693617516784,0.0069800657245286,1.8897680853157517,0.007024053846570291,1.695187850992585,0.0067320193687499,5.591096675099829,0.0066205000598777,4.3366574310836725,0.0065536356652552,3.5173115108823243,0.0065089772030627,3.0096686767351626,0.0064769155506201,2.6052413868117448,0.0064529388761739,2.2433762382421056,0.0064342772353417,1.9746317302553045
2025-12-19,2025-12-22,0.0062403356458251,3.54550105092698,0.0062119951005057,2.972139095468254,0.0061923442851686,2.5309054761380168,0.0061888028012756,2.1633261492645315,0.0061938658598246,1.9076669212021995,0.006193923118417101,1.711881637331325,0.0063864872638188,5.633190630069953,0.0062955359429653,4.3702545497563525,0.0062403356458251,3.54550105092698,0.0062034437622811,3.034542430876669,0.006176994792529,2.627510944083891,0.0061571044178277,2.2633460444072635,0.0061416022209764,1.992900735096428
2025-12-22,2025-12-23,0.0022068397518984,3.5555322433384617,0.0021775374657492,2.980788577167803,0.0021573522986981,2.538522883183449,0.0021718703967292,2.170196483683319,0.0022237267561009,1.9141327779327064,0.0022605151515818545,1.718011886861809,0.0022068397518984,5.647829018834311,0.0022068397518984,4.382105840974568,0.0022068397518984,3.5555322433384617,0.0022068397518984,3.0434460194938486,0.0022068397518984,2.635516279435742,0.0022068397518984,2.270547726182262,0.0022068397518984,1.9995055874121244
2025-12-23,2025-12-24,-0.0181570565494049,3.472817186783528,-0.0185920569644764,2.906777529177562,-0.0188342276111124,2.471877537794442,-0.0188244414802464,2.1105193054953397,-0.0188130573655781,1.8593090308105469,-0.018767808505836075,1.6670007602526007,-0.0181570565494049,5.527124011408561,-0.0181570565494049,4.28438264086511,-0.0181570565494049,3.472817186783528,-0.0181570565494049,2.9700289414634327,-0.0181570565494049,2.569506004763745,-0.0181570565494049,2.211164206170443,-0.0181570565494049,1.9450433948412265
2025-12-24,2025-12-25,0.0030702383105134,3.486549801466314,0.0030260904327202,2.9185997912813733,0.0029941990530609,2.4822730302304503,0.0029697467698173,2.1197567601552887,0.0029512762702328,1.86774764170244,0.00294110769055562,1.6748446966992976,0.0030702383105134,5.54716383760586,0.0030702383105134,4.300606954896507,0.0030702383105134,3.486549801466314,0.0030702383105134,2.982217876413361,0.0030702383105134,2.5804652388491784,0.0030702383105134,2.221023245537577,0.0030702383105134,1.9540853798981923
2025-12-25,2025-12-26,0.0032394494517059,3.501083752760726,0.0031937234968554,2.931114715509561,0.0031619968671328,2.49328396664254,0.0031266511265321,2.129511151143934,0.0030986173879196,1.8766336944091853,0.00308931438423174,1.6831081328963964,0.0032394494517059,5.568373043909822,0.0032394494517059,4.317778003190256,0.0032394494517059,3.501083752760726,0.0032394494517059,2.995118069929682,0.0032394494517059,2.592063975004021,0.0032394494517059,2.2314575875242664,0.0032394494517059,1.9636549901623963
2025-12-26,2025-12-29,0.0009996098113862,3.5055830802418573,0.0009640495769677,2.93490450498806,0.000958748969082,2.49663314904427,0.0009355132669687,2.1324388503449567,0.0009101569582244,1.8792518825824147,0.0008895254607015297,1.685494825894423,0.0009996098113862,5.574938854049359,0.0009996098113862,4.323093706257018,0.0009996098113862,3.5055830802418573,0.0009996098113862,2.9991116291500304,0.0009996098113862,2.5956546373965623,0.0009996098113862,2.234687784233834,0.0009996098113862,1.9666174887681267
2025-12-29,2025-12-30,0.0009711338091491,3.5099586043010103,0.0009812875755956,2.93876577788996,0.0009878381290629,2.500087256592241,0.0009937513254889,2.1355517156045,0.0009975028522758,1.882123944547712,0.0009846394658373076,1.6881390700853003,0.0009711338091491,5.581323999463614,0.0009711338091491,4.328263142524434,0.0009711338091491,3.5099586043010103,0.0009711338091491,3.0029953016596598,0.0009711338091491,2.599146499180962,0.0009711338091491,2.2378290989031453,0.0009711338091491,1.9694984713102823
2025-12-30,2025-12-31,0.0139558108785737,3.5728987336528317,0.0137885152314084,2.993075509811346,0.0136668039458439,2.547922262921434,0.0135761669479264,2.178120489169404,0.0135313784479002,1.9211230543751416,0.01350156087138105,1.7244331433707947,0.0139558108785737,5.673171712530747,0.0139558108785737,4.40262337525278,0.0139558108785737,3.5728987336528317,0.0139558108785737,3.0588603470374407,0.0139558108785737,2.6493755070478127,0.0139558108785737,2.2830156294645807,0.0139558108785737,2.0109402303801027
2025-12-31,2026-01-05,-0.0152916424122038,3.502971601430593,-0.0151711566381351,2.932495935784097,-0.0150767151918344,2.4944312494406,-0.0150053195935356,2.130431775522653,-0.0149467566831495,1.877461738839858,-0.014882780059378094,1.6838860041115273,-0.0152916424122038,5.571127956947493,-0.0152916424122038,4.320008390510601,-0.0152916424122038,3.502971601430593,-0.0152916424122038,2.9967937060094707,-0.0152916424122038,2.5935705617661826,-0.0152916424122038,2.232812928425132,-0.0152916424122038,1.964898009052612
2026-01-05,2026-01-06,-0.0129896921860035,3.4444793864056944,-0.0128855011023592,2.8818237550685275,-0.0128231898336064,2.449621494168536,-0.0127760567166888,2.0904372016108503,-0.0127393976257529,1.8408046095958863,-0.012710070353004269,1.6497736241798262,-0.0129896921860035,5.485771027471903,-0.0129896921860035,4.250903119090912,-0.0129896921860035,3.4444793864056944,-0.0129896921860035,2.9448765860374517,-0.0129896921860035,2.546891186320156,-0.0129896921860035,2.190819683589957,-0.0129896921860035,1.926384896552124
2026-01-06,2026-01-07,0.0120691276805144,3.49812037559364,0.0119973048103903,2.9283951778782984,0.0119398182319309,2.4908093477778706,0.0118946638408257,2.1271969132451933,0.0118530990835771,1.8744769481105097,0.011819847277778373,1.6810935437383172,0.0120691276805144,5.5640486261090425,0.0120691276805144,4.314276939273232,0.0120691276805144,3.49812037559364,0.0120691276805144,2.9924878052382096,0.0120691276805144,2.5896990689167456,0.0120691276805144,2.229330093756703,0.0120691276805144,1.9617038095109405
2026-01-07,2026-01-08,0.0064295737534252,3.527041372300304,0.00647713429593,2.9538399210129,0.0065468649736401,2.5136632052264933,0.0066065045675067,2.1478567539360407,0.0066557981290902,1.8936088864038565,0.006683906138587598,1.6990137213334369,0.0064295737534252,5.6062526608716805,0.0064295737534252,4.348445474800417,0.0064295737534252,3.527041372300304,0.0064295737534252,3.01815780004164,0.0064295737534252,2.612779303832948,0.0064295737534252,2.2500933097686677,0.0064295737534252,1.980746302589992
2026-01-08,2026-01-09,-0.0412897750193077,3.340120852534926,-0.0407941758087835,2.792546280155313,-0.0402763585201774,2.3721456462536348,-0.0398092569764287,2.022542915493614,-0.0392967700884735,1.7798994032688804,-0.03886494056034783,1.5941167134822498,-0.0412897750193077,5.333481974783585,-0.0412897750193077,4.127609364442873,-0.0412897750193077,3.340120852534926,-0.0412897750193077,2.852248968485844,-0.0412897750193077,2.4636084591832743,-0.0412897750193077,2.115897688216562,-0.0412897750193077,1.8576719583664176
2026-01-09,2026-01-12,-0.0901476357315527,2.9488692188896914,-0.0900535716199086,2.451013942093528,-0.0899995809734305,2.0686539511094293,-0.0899561919613333,1.7506464647761018,-0.0895745582165381,1.5308911423346525,-0.08866734497324082,1.3641032719470694,-0.0901476357315527,4.76253354880844,-0.0901476357315527,3.6653675032833775,-0.0901476357315527,2.9488692188896914,-0.0901476357315527,2.5049778317275324,-0.0901476357315527,2.151372345488096,-0.0901476357315527,1.835006878442428,-0.0901476357315527,1.600059587623329
2026-01-12,2026-01-13,0.0276248980146658,3.0579563283347726,0.0274581344214906,2.5457723468059705,0.0273381323800838,2.1525452190535264,0.0272009903440367,1.8254667727043352,0.0270866553211027,1.599444518362303,0.02688939586225187,1.427672580685699,0.0276248980146658,4.921722950400364,0.0276248980146658,3.794247804762517,0.0276248980146658,3.0579563283347726,0.0276248980146658,2.60180248687267,0.0276248980146658,2.2384286851384427,0.0276248980146658,1.9133236543302763,0.0276248980146658,1.6718859685634777
2026-01-13,2026-01-14,0.0018720367119056,3.065552971556725,0.0018341364152385,2.5522757769873934,0.0018479409565878,2.158370936481311,0.0018809652269369,1.8307813774536577,0.0019092220187528,1.6044074350732869,0.0019117692826639,1.4323137305538194,0.0018720367119056,4.932808633161248,0.0018720367119056,3.8032228126590057,0.0018720367119056,3.065552971556725,0.0018720367119056,2.6085451933571284,0.0018720367119056,2.24449114252591,0.0018720367119056,1.9187775031648455,0.0018720367119056,1.676887837186654
2026-01-14,2026-01-15,0.0206019794092985,3.1493114101641497,0.0206888808801289,2.6257683873908526,0.0207498785666969,2.223906749881883,0.0208244615078939,1.889730875285704,0.0208064962320234,1.6585960285577928,0.020750364273365976,1.482785126489921,0.0206019794092985,5.055036234460945,0.0206019794092985,3.90217871014368,0.0206019794092985,3.1493114101641497,0.0206019794092985,2.682888367128196,0.0206019794092985,2.311334082237881,0.0206019794092985,1.978910097185372,0.0206019794092985,1.7320370252893755
2026-01-15,2026-01-16,0.0201543437669073,3.232938058720549,0.0201885474681696,2.6989673845882813,0.0202567104011475,2.2892124952745454,0.0202948355378689,1.9483774881483296,0.0203243767400577,1.712630335841823,0.020335256187027754,1.5332731980944359,0.0201543437669073,5.177071516251352,0.0201543437669073,4.000978905074731,0.0201543437669073,3.232938058720549,0.0201543437669073,2.757114565334441,0.0201543437669073,2.37807184765838,0.0201543437669073,2.038948075334757,0.0201543437669073,1.7870994386809769
2026-01-16,2026-01-19,0.0326515664775804,3.371150117140343,0.0324805492752349,2.819111876990888,0.0324029794996887,2.3957927803290464,0.0323581660758085,2.0437815765640086,0.0323234165827264,1.800311816222179,0.032226962830003245,1.6149128992876682,0.0326515664775804,5.378762577501001,0.0326515664775804,4.164268700246756,0.0326515664775804,3.371150117140343,0.0326515664775804,2.8797902413283447,0.0326515664775804,2.4883711851582406,0.0326515664775804,2.138174490438465,0.0326515664775804,1.878102601282696
2026-01-19,2026-01-20,0.0170149658302061,3.445525087022188,0.0171688878746668,2.884681780587753,0.0174127897121913,2.454923005919094,0.017679674588235,2.097594644355325,0.0177720966909812,1.8500792285849768,0.01782560813044554,1.6615253119256175,0.0170149658302061,5.4872970047961775,0.0170149658302061,4.252138555719457,0.0170149658302061,3.445525087022188,0.0170149658302061,2.945804739712913,0.0170149658302061,2.547725701676784,0.0170149658302061,2.1915704221625,0.0170149658302061,1.927073418699348
2026-01-20,2026-01-21,-0.0059883537334943,3.4189037102699755,-0.0060500451948849,2.861179280247451,-0.0060248140099952,2.434107737389578,-0.0059701953671193,2.0791013991603817,-0.0059294291955548,1.833179885597361,-0.005893548782438636,1.6458394826640887,-0.0059883537334943,5.44844877555722,-0.0059883537334943,4.220686892190485,-0.0059883537334943,3.4189037102699755,-0.0059883537334943,2.922175865168214,-0.0059883537334943,2.526480665225734,-0.0059883537334943,2.172458169509233,-0.0059883537334943,1.909545067664268
2026-01-21,2026-01-22,-0.0036387488383193,3.402824429527586,-0.0036582969535415,2.8470539398494443,-0.0036689365501949,2.421508213994562,-0.0036606367178961,2.06782992752049,-0.0036548359658069,1.8228250778538788,-0.0037002911179944815,1.6360491063267477,-0.0036387488383193,5.424984490066199,-0.0036387488383193,4.201690123826298,-0.0036387488383193,3.402824429527586,-0.0036387488383193,2.907904052295149,-0.0036387488383193,2.513648687801788,-0.0036387488383193,2.160914391030315,-0.0036387488383193,1.8989579639292669
2026-01-22,2026-01-23,-0.049958489899089,3.18286596973757,-0.0495700512683156,2.656355278819132,-0.0493032996040543,2.2528165694222557,-0.0490360029546453,1.9173958101302453,-0.048804319284775,1.685059021469228,-0.04862557745109196,1.5078696963421745,-0.049958489899089,5.104001967317424,-0.049958489899089,3.9418215403169303,-0.049958489899089,3.18286596973757,-0.049958489899089,2.7126710671719527,-0.049958489899089,2.3381121053232947,-0.049958489899089,2.0029998813541416,-0.049958489899089,1.7541304017704231
2026-01-23,2026-01-26,-0.0022916390416312,3.173280350775408,-0.0024039650128639,2.64756552865425,-0.0025754651591467,2.244439053678613,-0.0028231129301788,1.9091596722962167,-0.0030085860214342,1.6769807904305098,-0.0032256163515187357,1.4997802708421748,-0.0022916390416312,5.090013798098925,-0.0022916390416312,3.930496669138366,-0.0022916390416312,3.173280350775408,-0.0022916390416312,2.7041629652056867,-0.0022916390416312,2.3304623572973937,-0.0022916390416312,1.9961180895840165,-0.0022916390416312,1.7478189290159825
2026-01-26,2026-01-27,0.0049312356879508,3.193859779776975,0.0049886209519087,2.665761850473954,0.0050273111999284,2.2607498584706565,0.0050563020059477,1.9238692621828708,0.0050897057416754,1.690605834929919,0.0051162046050009,1.5125696581753476,0.0049312356879508,5.120045091480223,0.0049312356879508,3.9548101102725433,0.0049312356879508,3.193859779776975,0.0049312356879508,2.7224290658136945,0.0049312356879508,2.3468856521310757,0.0049312356879508,2.010892654032688,0.0049312356879508,1.7613690717827728
2026-01-27,2026-01-28,0.0037963754934754,3.209781246267992,0.0037562274408889,2.6795312857284683,0.0037308167844501,2.272915118772532,0.0037534344114708,1.9348438136861896,0.0037989244396247,1.7008272431936309,0.003829136337779423,1.5221906299546686,0.0037963754934754,5.143279080684482,0.0037963754934754,3.9736204299500058,0.0037963754934754,3.209781246267992,0.0037963754934754,2.7365608042953498,0.0037963754934754,2.35959168680029,0.0037963754934754,2.022323133117942,0.0037963754934754,1.7718522656553295
2026-01-28,2026-01-29,0.0141879218135516,3.2695092934421988,0.0140399313913996,2.7311916525326048,0.0139348687530377,2.3185227613924604,0.0138552420440518,1.9755067850863,0.0137933364164817,1.7380806619617997,0.013743811914425695,1.5568551435850924,0.0141879218135516,5.230439443960061,0.0141879218135516,4.044185767740419,0.0141879218135516,3.2695092934421988,0.0141879218135516,2.789574836838274,0.0141879218135516,2.407257310978071,0.0141879218135516,2.065203617425908,0.0141879218135516,1.811179088879164
2026-01-29,2026-01-30,-0.0060307598232454,3.2437609083303345,-0.0059679557642727,2.7089240658022664,-0.0057782364318888,2.2993475522725304,-0.0055948726665436,1.9588592035053056,-0.005452978623188,1.7231499666435577,-0.005283003212961238,1.5433472696464556,-0.0060307598232454,5.192865160080263,-0.0060307598232454,4.013765494871344,-0.0060307598232454,3.2437609083303345,-0.0060307598232454,2.766720821165088,-0.0060307598232454,2.3867089604795653,-0.0060307598232454,2.046718110599869,-0.0060307598232454,1.7942255429740035
2026-01-30,2026-02-02,-0.0962278363486135,2.8353929781408795,-0.0953732100506319,2.355192071812663,-0.0946164967387541,1.98717484535292,-0.0938254924437521,1.6812427816646922,-0.0928186763744246,1.4703907911706438,-0.09203954851475653,1.3092587352319573,-0.0962278363486135,4.596939144927029,-0.0962278363486135,3.53130168934054,-0.0962278363486135,2.8353929781408795,-0.0962278363486135,2.4042574264150987,-0.0962278363486135,2.0608132848701546,-0.0962278363486135,1.7535390188527082,-0.0962278363486135,1.5253432647035852
2026-02-02,2026-02-03,0.042717885804802,2.999232857397641,0.041626436150079,2.4948567603612246,0.0408236151589805,2.109122121652196,0.0402214994156567,1.789086386640652,0.0397531871708494,1.568596698677193,0.039378537375003415,1.4001939666458423,0.042717885804802,4.836028552176448,0.042717885804802,3.724869317452895,0.042717885804802,2.999232857397641,0.042717885804802,2.549680106406848,0.042717885804802,2.191564757243059,0.042717885804802,1.8711643842191248,0.042717885804802,1.633220589903119
2026-02-03,2026-02-04,0.0160257476265339,3.0633235538700383,0.0159658216121307,2.550655019957101,0.0159102728194758,2.158589102836749,0.0158665550437987,1.833339579316196,0.0158324578916229,1.6092638977495617,0.015775970411088067,1.4380593556445191,0.0160257476265339,4.929555272894874,0.0160257476265339,3.800588880702749,0.0160257476265339,3.0633235538700383,0.0160257476265339,2.6065663839470528,0.0160257476265339,2.2427119685763763,0.0160257476265339,1.9171769400349132,0.0160257476265339,1.6754199185218992
2026-02-04,2026-02-05,-0.0035186228740562,3.0490262506687,-0.0035282217113683,2.5381275218261097,-0.0035256294615372,2.1474530880388976,-0.0035232182451934,1.82335710561552,-0.0035182083473039,1.6000839637241802,-0.0035062451244785237,1.4295109219156013,-0.0035186228740562,4.908691404078685,-0.0035186228740562,3.7836974188581687,-0.0035186228740562,3.0490262506687,-0.0035186228740562,2.5938762369716946,-0.0035186228740562,2.231302088069768,-0.0035186228740562,1.9069124945260367,-0.0035186228740562,1.6660061247988822
2026-02-05,2026-02-06,-0.0005608957923947,3.046755168881404,-0.0007585761480676,2.535443582679231,-0.0008900846601608,2.144651588326658,-0.0009780999793234,1.8205955800888949,-0.0011354583282432,1.5971316767334378,-0.0012628223671326418,1.4264428811822132,-0.0005608957923947,4.905377243931579,-0.0005608957923947,3.7810142631038417,-0.0005608957923947,3.046755168881404,-0.0005608957923947,2.5918604469119897,-0.0005608957923947,2.2294896643246127,-0.0005608957923947,1.905282019538998,-0.0005608957923947,1.664510773180984
2026-02-06,2026-02-09,0.0130378056075106,3.0995159761144686,0.0129741185845887,2.581312846970035,0.0128724490697198,2.1851309557394067,0.0128102561254526,1.856728131896153,0.0127761134488958,1.6303129256771056,0.012695621174465314,1.457248080803181,0.0130378056075106,4.982370404476976,0.0130378056075106,3.843348197672926,0.0130378056075106,3.0995159761144686,0.0130378056075106,2.6386904251881345,0.0130378056075106,2.2715951227795417,0.0130378056075106,1.943160521744744,0.0130378056075106,1.6992501466808356
2026-02-09,2026-02-10,0.0188655619584939,3.1768556487616912,0.0185479705607629,2.647738932224517,0.0183287274967491,2.2435103530686145,0.018170121391719,1.9086352288358448,0.0180162340200399,1.67770125889204,0.017826982832890262,1.5010534001558118,0.0188655619584939,5.095231184001296,0.0188655619584939,3.934720683182684,0.0188655619584939,3.1768556487616912,0.0188655619584939,2.7073363648523,0.0188655619584939,2.333315603271445,0.0188655619584939,1.998684898921512,0.0188655619584939,1.7501730175645167
2026-02-10,2026-02-11,-0.0027644694372249,3.1653088589769887,-0.0026038546859711,2.638240750112645,-0.0024319876796274,2.235622175851208,-0.0023055363858941,1.9019292644824703,-0.0021932678104712,1.671828342914854,-0.002071219416398549,1.4958731697919596,-0.0027644694372249,5.078381103680304,-0.0027644694372249,3.921078798672784,-0.0027644694372249,3.1653088589769887,-0.0027644694372249,2.6970875467781528,-0.0027644694372249,2.3241007541615764,-0.0027644694372249,1.990395126166576,-0.0027644694372249,1.7425702483103789
2026-02-11,2026-02-12,0.0057675011520547,3.1893322826198025,0.0056821769609044,2.65891387788116,0.0056081650295354,2.2537680789866057,0.0055359104988198,1.917994085164552,0.0054784798578529,1.6864659006751532,0.005435165304900856,1.509438653049846,0.0057675011520547,5.113438173698408,0.0057675011520547,3.949461126313482,0.0057675011520547,3.1893322826198025,0.0057675011520547,2.718410503463444,0.0057675011520547,2.3432725090907494,0.0057675011520547,2.0076422335018407,0.0057675011520547,1.7583880253771
2026-02-12,2026-02-13,-0.0145471604974198,3.1283893935275096,-0.0144493532645575,2.606044938695063,-0.0143724414270645,2.2070034878541187,-0.0142678431916073,1.8763606031233864,-0.0141855165824231,1.6483569940930116,-0.014076474292537828,1.4741146043614894,-0.0145471604974198,5.024505007394564,-0.0145471604974198,3.8774605209332593,-0.0145471604974198,3.1283893935275096,-0.0145471604974198,2.664318189074269,-0.0145471604974198,2.2946373873143946,-0.0145471604974198,1.963889579212271,-0.0145471604974198,1.7182613120577783
2026-02-13,2026-02-24,0.0549824180770011,3.3553782251470965,0.0543777899194494,2.802133692811517,0.0539338320299427,2.379969475287483,0.0534714124166913,2.03016366719212,0.0529401196220406,1.788561330162164,0.05245214274008534,1.6038872167447877,0.0547623315927097,5.354420948291445,0.0549007919319621,4.145236966149376,0.0549824180770011,3.3553782251470965,0.0550382482330162,2.865995843169295,0.0550788418693379,2.476102198987093,0.05510968723718,2.1272286069281967,0.0550730675116611,1.867964300811073
2026-02-24,2026-02-25,0.0146646925623336,3.4192485078115613,0.0144884722647974,2.857220801366869,0.0143626966552192,2.428514951564938,0.0141959479860579,2.073179713000822,0.0140343862364098,1.8276970769135763,0.013904328599539207,1.640092520242547,0.0146646925623336,5.447606577909792,0.0146646925623336,4.220690284418311,0.0146646925623336,3.4192485078115613,0.0146649370930285,2.9226904290112827,0.0146649370930285,2.527079019064177,0.0146649370930285,2.1730892177243177,0.0146649370930285,1.9100228168675184
2026-02-25,2026-02-26,0.0060758094778491,3.446099019780293,0.0061329717923627,2.880877027738568,0.0061529971399753,2.44961059425628,0.0061668723624439,2.09213162003775,0.0061959877583021,1.84521745338632,0.0062575781691464084,1.656613105561744,0.0060758094778491,5.486781007065297,0.0060758094778491,4.252410203929294,0.0060758094778491,3.446099019780293,0.0060758094778491,2.946523948698537,0.0060758094778491,2.5485088791973296,0.0060758094778491,2.192368303267428,0.0060758094778491,1.9277035610789997
2026-02-26,2026-02-27,0.0026249666678512,3.457769881509183,0.0026362881390145,2.8911081378157686,0.0027227237928019,2.4590029310971637,0.0028434383293341,2.100923905605512,0.0029373038130868,1.853574721461213,0.003022761775990464,1.6646434141108308,0.0026249666678512,5.503808590990494,0.0026249666678512,4.266197605640491,0.0026249666678512,3.457769881509183,0.0026249666678512,2.956883442517748,0.0026249666678512,2.5578235967257967,0.0026249666678512,2.200748163655009,0.0026249666678512,1.9353886853401807
2026-02-27,2026-03-02,0.0052045663369614,3.480970640572406,0.0051793633688962,2.911261600769186,0.0051663116446071,2.476873218218821,0.0051560141815046,2.11691231323858,0.0051315697994566,1.868218039322356,0.0049706345652409615,1.6778883827690518,0.0052045663369614,5.537658094245203,0.0052045663369614,4.293605880422594,0.0052045663369614,3.480970640572406,0.0052045663369614,2.977477304881955,0.0052045663369614,2.5763405256501626,0.0052045663369614,2.217406669800659,0.0052045663369614,1.9506661104778
2026-03-02,2026-03-03,-0.0579172358255926,3.221445207254817,-0.0573250037677069,2.687048514768605,-0.0569016113203508,2.2790335297455964,-0.056597513954772,1.9405028250942584,-0.0563572023755452,1.7065732948230758,-0.056048275792576235,1.5277973561498763,-0.0579172358255926,5.159015008653709,-0.0579172358255926,3.987014860278415,-0.0579172358255926,3.221445207254817,-0.0579172358255926,2.7471128138241645,-0.0579172358255926,2.369208768033458,-0.0579172358255926,2.0310633689589794,-0.0579172358255926,1.7797716855146728
2026-03-03,2026-03-04,-0.0018265127803157,3.213734683632364,-0.0018870416215472,2.680090900760573,-0.0019709637457286,2.27257067353744,-0.00203488444126,1.934519241645993,-0.0020601924439723,1.700997232972024,-0.0020806794557780084,1.5225378201225652,-0.0018265127803157,5.147765489026247,-0.0018265127803157,3.977906013900492,-0.0018265127803157,3.213734683632364,-0.0018265127803157,2.7402686643804297,-0.0018265127803157,2.363054865159093,-0.0018265127803157,2.025527092977629,-0.0018265127803157,1.7746943970047204
2026-03-04,2026-03-05,0.0305550463870331,3.342485542353401,0.0304260287603528,2.792061452347827,0.0302110263127344,2.3714383922659623,0.0299934486258114,2.022535593761757,0.0297775044447243,1.7814261900820365,0.029604363124223244,1.5972159457440602,0.0305550463870331,5.335610748720046,0.0305550463870331,4.130006163065514,0.0305550463870331,3.342485542353401,0.0305550463870331,2.8545527469205405,0.0305550463870331,2.465813162566167,0.0305550463870331,2.117972213648786,0.0305550463870331,1.8594753130150408
2026-03-05,2026-03-06,0.0038610243303223,3.3592519846865008,0.0038979330914334,2.806842654167683,0.0039240909858394,2.384668223270366,0.0039437596422088,2.034455747653574,0.0039652144850579,1.7924551415000691,0.003923678944601715,1.6074065872649603,0.0038610243303223,5.360072695968306,0.0038610243303223,4.149813241675814,0.0038610243303223,3.3592519846865008,0.0038610243303223,2.8694352688589118,0.0038610243303223,2.4791947515111863,0.0038610243303223,2.130010780226953,0.0038610243303223,1.870515816770548
2026-03-06,2026-03-09,-0.0087826769818928,3.3209660826223235,-0.0087376676469614,2.7735797282712893,-0.0086636302443697,2.355344709284084,-0.0086092376709207,2.0083313969201333,-0.0086902855428107,1.768187908954944,-0.008779828369087082,1.5845140049403468,-0.0087826769818928,5.304214231898259,-0.0087826769818928,4.1045840954571,-0.0087826769818928,3.3209660826223235,-0.0087826769818928,2.8354512687901794,-0.0087826769818928,2.448638107851566,-0.0087826769818928,2.102520906594377,-0.0087826769818928,1.8453050035804373
2026-03-09,2026-03-10,0.0081986437435333,3.3563921441616342,0.0081560606043495,2.804357273230415,0.0081260012785385,2.382610244681664,0.0081034641684001,2.0327093026017486,0.0080860940838736,1.790571736828595,0.008066849291747842,1.6053628899106123,0.0081986437435333,5.355900238468505,0.0081986437435333,4.146434761914659,0.0081986437435333,3.3563921441616342,0.0081986437435333,2.8668967673386727,0.0081986437435333,2.476912263098214,0.0081986437435333,2.1279573702144083,0.0081986437435333,1.8686326456464863
2026-03-10,2026-03-11,0.0029513958797818,3.369249581986627,0.0029511607661602,2.815584543155629,0.0029371300828284,2.3925454109898023,0.0029266070703295,2.041584851088997,0.0029184225050526,1.7987158041873197,0.002911946002281044,1.6129495659623787,0.0029513958797818,5.374659016244625,0.0029513958797818,4.161623928266539,0.0029513958797818,3.369249581986627,0.0029513958797818,2.8783095105253373,0.0029513958797818,2.487174007625885,0.0029513958797818,2.1371892107089923,0.0029513958797818,1.877099116217455
2026-03-11,2026-03-12,0.0002429626979622,3.370311146653137,0.0002530927526928,2.816550239950789,0.0003445536284247,2.393714324820755,0.0005051128419247,2.0431211946570853,0.0006446631387562,1.8005200331021336,0.0007431167421794848,1.6148912925313157,0.0002429626979622,5.376207820597801,0.0002429626979622,4.162878010342017,0.0002429626979622,3.370311146653137,0.0002429626979622,2.879251795067548,0.0002429626979622,2.488021260831041,0.0002429626979622,2.1379514306636445,0.0002429626979622,1.8777981439810365
2026-03-12,2026-03-13,-0.0059767491724071,3.344190893124216,-0.0057589793697509,2.7945708058552943,-0.0055680823575204,2.374817843962256,-0.0053976777785839,2.026695407007147,-0.005248943001323,1.7858202630743172,-0.005113433522580913,1.6015202197381813,-0.0059767491724071,5.338098825782947,-0.0059767491724071,4.132020783466466,-0.0059767491724071,3.344190893124216,-0.0059767491724071,2.856066480111818,-0.0059767491724071,2.467174232647031,-0.0059767491724071,2.1191966820473715,-0.0059767491724071,1.8605982663056428
2026-03-13,2026-03-16,0.0239822166461121,3.448374220275188,0.0238949622956626,2.8852419321894285,0.0236731840961502,2.4547105280733468,0.0234992679330139,2.09782053332803,0.0233715854120952,1.850929299295504,0.023247785987502795,1.6619998050488158,0.0239822166461121,5.490100484947343,0.0239822166461121,4.255098017727908,0.0239822166461121,3.448374220275188,0.0239822166461121,2.9485435018396706,0.0239822166461121,2.5503247562441898,0.0239822166461121,2.194001932638065,0.0239822166461121,1.9292017536656771
2026-03-16,2026-03-17,-0.005395912349191,3.4243711828861816,-0.0049619726086388,2.8659634681439696,-0.0045426207878903,2.4390170882123776,-0.0042283162126081,2.084721968543209,-0.0040291029841849,1.8394426115480127,-0.00385911015255307,1.6517268545750579,-0.005395912349191,5.455080471593125,-0.005395912349191,4.226741969437841,-0.005395912349191,3.4243711828861816,-0.005395912349191,2.927237507196776,-0.005395912349191,2.5311675150483333,-0.005395912349191,2.176767378166404,-0.005395912349191,1.9133960377498007
2026-03-17,2026-03-18,0.0184437286355657,3.505973084366352,0.0183685953514353,2.936975786733737,0.018254410041208,2.501794316279328,0.0180948470331005,2.140539540703643,0.0178532404935164,1.890135863359518,0.01765872985210302,1.6985529827415653,0.0184437286355657,5.574136224131929,0.0184437286355657,4.323142579970275,0.0184437286355657,3.505973084366352,0.0184437286355657,2.9996704100669294,0.0184437286355657,2.59629541046261,0.0184437286355657,2.2353588136276232,0.0184437286355657,1.9671299236779909
2026-03-18,2026-03-19,-0.0265789098240979,3.3862092320871664,-0.0263035458344438,2.8334193636782907,-0.0260397280069361,2.4106085447471792,-0.0258308885873499,2.05941661372356,-0.0256696746863076,1.8159470159478484,-0.025546315439866716,1.6296148970132558,-0.0265789098240979,5.399402850259391,-0.0265789098240979,4.181659253356429,-0.0265789098240979,3.3862092320871664,-0.0265789098240979,2.8933635309116474,-0.0265789098240979,2.500709799047107,-0.0265789098240979,2.1493665034716143,-0.0265789098240979,1.888266845000171
2026-03-19,2026-03-20,-0.0031678924943775,3.372314192782068,-0.002952519432879,2.822101118512656,-0.0027069467846428,2.401376208913301,-0.0024235331448034,2.052002016156439,-0.0022113080352038,1.8097200896847747,-0.0020623605850379825,1.6241916828958272,-0.0031678924943775,5.379130230001556,-0.0031678924943775,4.165244313899299,-0.0031678924943775,3.372314192782068,-0.0031678924943775,2.881029773804189,-0.0031678924943775,2.489619926749712,-0.0031678924943775,2.1393896489632227,-0.0031678924943775,1.879117126140136
2026-03-20,2026-03-23,-0.2181913568182327,2.4183130266233324,-0.208292769894621,2.0259850897203258,-0.2012387383678705,1.7168875519170976,-0.1960161735407015,1.4537602593109478,-0.1919541786751255,1.2703825775623336,-0.1886307266130042,1.129188498979385,-0.2484732662084551,3.794086906183976,-0.2297082299593054,2.978745185246124,-0.2181913568182327,2.4183130266233324,-0.2104008900345809,2.064457655145079,-0.2045948885436259,1.7756615267767386,-0.2001942913988103,1.5109017627642705,-0.196751748113104,1.3126457985496875
2026-03-23,2026-03-24,0.1036847108588251,2.7727398244137285,0.1009829521799,2.331557997332644,0.0991795254996524,1.9863471701521476,0.0978279057992302,1.6938064868127145,0.0967564456825259,1.490056726106797,0.0956815940533657,1.3329126486018255,0.1104029271711868,4.323368133739746,0.1061482205573283,3.4010819067110374,0.1036847108588251,2.7727398244137285,0.101939842198457,2.3768479849344217,0.1006866904604253,2.05513369974622,0.0997435963553536,1.7613481346773758,0.0990075855885486,1.5416152753855932
2026-03-24,2026-03-25,0.0829813985728913,3.085807051495224,0.0728057435361441,2.5741145544622346,0.0652336139721121,2.181157388636562,0.0592475999176785,1.853408055799041,0.0546031041847821,1.6260215529484237,0.05105896348924152,1.452028750350376,0.1011369468497018,4.861757333743179,0.0917715164492816,3.804975867307405,0.0829813985728913,3.085807051495224,0.0761358961607902,2.633947332466162,0.0705908591936285,2.270798212562714,0.0658921942276017,1.943299422297564,0.0619736975388804,1.6991285717225382
2026-03-25,2026-03-26,-0.0408027102907558,2.9190950500691373,-0.0352651651499455,2.4480728144343,-0.0311163765347043,2.0821712975155897,-0.0279975389463463,1.7735196526269892,-0.0255463858206023,1.558936193183586,-0.02358721909327407,1.3941922109928546,-0.0481793140045317,4.5793418865424,-0.0441904039765707,3.5926420426334174,-0.0408027102907558,2.9190950500691373,-0.0360276777882775,2.503024648872501,-0.0322506815848329,2.165312740881113,-0.0293164759794141,1.8570122554835533,-0.0269703406100565,1.6263321547928458
2026-03-26,2026-03-27,0.0379421194619929,3.0677938226417654,0.0342485057672436,2.5661641561053297,0.0302414952824614,2.1753807662691456,0.0265644589410318,1.847196701561344,0.0234916651534668,1.6190498653829422,0.02113428722808008,1.4447917568592095,0.0434914185741149,4.821995379898107,0.0404150737693439,3.7782540095826382,0.0379421194619929,3.0677938226417654,0.0354121523624948,2.627074291467949,0.0322105595067115,2.267269235278617,0.0289121572120771,1.939614642970925,0.0261136499093572,1.6949152732287942
2026-03-27,2026-03-30,0.0075226064781393,3.098394234803705,0.0071951642862216,2.591823293080142,0.0069656494836775,2.197499355664188,0.006793799341297,1.866539984636954,0.0066529631990745,1.6364743077538764,0.006498169102935011,1.4606784271167426,0.0076402151834947,4.8664766773978405,0.0075717878778501,3.814433935369686,0.0075226064781393,3.098394234803705,0.0074677827929882,2.654160494450664,0.007429345217509,2.2915429063460486,0.0074013277893236,1.9613716945178488,0.007379452133893,1.714802271492483
2026-03-30,2026-03-31,0.0051832024644781,3.1196370419019432,0.0064074697556091,2.614837792198045,0.0072834858956816,2.220788297122619,0.0079965237344104,1.88946233965974,0.0085540369108462,1.6590268062969002,0.009000341826070006,1.4828253740848294,0.000869883702526,4.871579829850758,0.0035605889119612,3.831576155457333,0.0051832024644781,3.1196370419019432,0.0062819069674435,2.67711559072091,0.0070748856646715,2.314830196068808,0.0076741958517705,1.984097840891468,0.0081430819937929,1.7369091289861815
2026-03-31,2026-04-01,0.0449347782708138,3.304752018936038,0.039996020970246,2.759416920338837,0.0363844207893798,2.3379748137986383,0.0335982637891681,1.9865432575564943,0.0313552879238161,1.7424013574054849,0.02953968017310385,1.5561672415609622,0.0647398559609085,5.2517050622982735,0.052292998066751,4.084233758014024,0.0449347782708138,3.304752018936038,0.0403856080111285,2.825618139579374,0.036979079307972,2.437409564781697,0.0344213265099259,2.086814447010359,0.0324284084909232,1.825662736223482
2026-04-01,2026-04-02,-0.0326481969517751,3.1642096271932623,-0.0283417655950844,2.652868407208399,-0.025282260620561,2.2535832646113123,-0.0229856528976094,1.9178956108746053,-0.0211825965535475,1.6843101758636632,-0.019716190656096942,1.5057693608774767,-0.0455845025032429,4.966724197236401,-0.0377348047337008,3.8923811899348753,-0.0326481969517751,3.1642096271932623,-0.0290861253189186,2.71434573094924,-0.026445802926051,2.3465045088553573,-0.0244049108904434,2.011481015495737,-0.0227731138816267,1.7613135969403957
2026-04-02,2026-04-03,-0.0160540841767898,3.0973570553085032,-0.0130283328677597,2.605277621677164,-0.010871103388173,2.218213224559693,-0.0093035160301024,1.890748922284668,-0.0080840248567864,1.6626101456786566,-0.007108989767150449,1.4879558721321597,-0.0241124489244334,4.822851864784356,-0.0201504528599207,3.7937974933943295,-0.0160540841767898,3.0973570553085032,-0.0132530338738825,2.665119381157658,-0.0112192854488245,2.3089591195147308,-0.0096707600060806,1.98235770533201,-0.0084563521385264,1.7379629567997663
2026-04-03,2026-04-07,0.0248996624266317,3.1993798628270627,0.0227473748966873,2.687288223344092,0.0211154168392432,2.2861671382738367,0.0198699491140237,1.9481879562718836,0.0189190143766847,1.7129841053042574,0.01822903550258632,1.5333089080541247,0.0308678641856761,5.002590865319831,0.0275786901236368,3.92600414898012,0.0248996624266317,3.1993798628270627,0.0230317375271778,2.7495334487502534,0.0216747730081559,2.38068005732348,0.020626512979444,2.0438733452503857,0.0197798967655953,1.79211958143329
2026-04-07,2026-04-08,0.0594979577723622,3.449234388575656,0.0423601722105489,2.8434823874748765,0.0296183445678592,2.383497968882807,0.0203166384513224,2.0080852250660026,0.0130819781384606,1.7484753040598386,0.007294249888171322,1.551787496273402,0.0861889784413272,5.519948040002989,0.0667951743996468,4.255037455204631,0.0594979577723622,3.449234388575656,0.0432252396330177,2.9116079305844984,0.0306157644658895,2.4841821616930257,0.0209459909535714,2.107630288803817,0.0133881223852784,1.829500820103851
2026-04-08,2026-04-09,0.0099339487116534,3.4934328547978915,0.0098360870705919,2.881287214892366,0.009769998294715,2.416554738268964,0.0097233572392615,2.0373339123154635,0.0096964209833449,1.77512567767033,0.009658378638446156,1.5764336261172627,0.0099339487116534,5.584716869435024,0.0099339487116534,4.307240727762451,0.0099339487116534,3.4934328547978915,0.0099339487116534,2.9504656431470218,0.0099339487116534,2.518793848589342,0.0099339487116534,2.138501328707575,0.0099339487116534,1.857608936130344
2026-04-09,2026-04-10,-0.0056174234246143,3.4681913398224182,-0.0055754377750678,2.8596473395385678,-0.0055634706425283,2.3975468362840133,-0.0055449632801828,2.0204920073020203,-0.0055049449484583,1.759848763589702,-0.005511123902992912,1.5622345811758933,-0.0056174234246143,5.547727726648207,-0.0056174234246143,4.277427709378252,-0.0056174234246143,3.4681913398224182,-0.0056174234246143,2.9282742049050734,-0.0056174234246143,2.4990272935978872,-0.0056174234246143,2.12087103782551,-0.0056174234246143,1.8415565367541376
2026-04-10,2026-04-13,0.0023244909719372,3.4785776102527244,0.0021158642955514,2.867813829537717,0.0018875178588669,2.403959766613836,0.0017091752712016,2.025654557547764,0.0015638971349167,1.7641648831638834,0.0014605320664229625,1.5659768069433984,0.0023244909719372,5.562947860635504,0.0023244909719372,4.289695042443753,0.0023244909719372,3.4785776102527244,0.0023244909719372,2.9374054428296694,0.0023244909719372,2.507160750952418,0.0023244909719372,2.128125474377516,0.0023244909719372,1.848161709270072
2026-04-13,2026-04-14,-0.005445526388662,3.4541893976924225,-0.0054549346500481,2.846715157859036,-0.005461219860885,2.385369993930751,-0.0054495228398799,2.00916618393082,-0.0054367383540047,1.7491368419267932,-0.00542774848780415,1.5520493302097709,-0.005445526388662,5.527209154873,-0.005445526388662,4.260889868502152,-0.005445526388662,3.4541893976924225,-0.005445526388662,2.915964197587879,-0.005445526388662,2.4880624145338266,-0.005445526388662,2.1110911845597475,-0.005445526388662,1.8326519695230647
2026-04-14,2026-04-15,0.010439513196272,3.500688966688328,0.0103454912524436,2.886511315875309,0.0102579995175112,2.4200971176950894,0.0101797347405608,2.0397986974735014,0.0101142365399642,1.776942262226771,0.010052246324758747,1.577703158709975,0.010439513196272,5.595350040980124,0.010439513196272,4.315810997708514,0.010439513196272,3.500688966688328,0.010439513196272,2.9568449575047264,0.010439513196272,2.5244760881397728,0.010439513196272,2.1435694620357646,0.010439513196272,1.8622234771393475
2026-04-15,2026-04-16,-0.0003573643943125,3.499080580701758,-0.0004145606281646,2.8849001213028305,-0.0004604521831898,2.418522326510525,-0.0004987748493932,2.0382825223359835,-0.0005096792067567,1.7755269124973505,-0.000468484890673291,1.5764955437274786,-0.0003573643943125,5.59299309770745,-0.0003573643943125,4.313911316131038,-0.0003573643943125,3.499080580701758,-0.0003573643943125,2.955430922003099,-0.0003573643943125,2.5232165658772656,-0.0003573643943125,2.1424460622389847,-0.0003573643943125,1.8612006203800524
2026-04-16,2026-04-17,0.0085165182331,3.5373970824994903,0.0080002730745156,2.915980383140472,0.0076359732531935,2.444626071561204,0.0072775373742562,2.060393736945833,0.006992546208271,1.7949349126852874,0.006734844487847834,1.5938478405381162,0.0097096892123444,5.6570090116653216,0.008992768223154,4.3616980889554,0.0085165182331,3.5373970824994903,0.0081937350524211,2.987840674996146,0.0079709936256705,2.5513001026657305,0.0078135712557961,2.1669997884637846,0.0076893004936602,1.8832012517228016
2026-04-17,2026-04-20,0.0055244123409216,3.562463534937713,0.0052017334655038,2.9363502693497106,0.0050453079590063,2.462005270895853,0.0049360857455248,2.075500102846465,0.0048863843291824,1.8085920388437176,0.004846527208367475,1.6064189946716496,0.0069928886723874,5.703560734574978,0.0060949725166952,4.394377491450401,0.0055244123409216,3.562463534937713,0.0052076455197768,3.0086079356208737,0.0049878383347947,2.569013413456167,0.0048177870121224,2.18225771891204,0.0046824038308943,1.896701564309108
2026-04-20,2026-04-21,0.0088207176425901,3.602707737534013,0.0088486033524539,2.9711814715395115,0.0088744415827916,2.492728634431735,0.0088930926601523,2.102850810237387,0.0088790706253403,1.83352972591438,0.008865748256599661,1.6295268493296282,0.0088209004176248,5.762692176258165,0.0088207505787162,4.441959949829927,0.0088207176425901,3.602707737534013,0.0088207505787162,3.043966866388849,0.0088207505787162,2.600494790588357,0.0088207505787162,2.210327620527758,0.0088207229502701,1.9222525662774927
2026-04-21,2026-04-22,-0.0094299348228841,3.5593045035602837,-0.0094474642651183,2.933663876496841,-0.0094272288391024,2.4598018823220618,-0.0093497347674089,2.073839978138828,-0.0092080355959278,1.8074384833360404,-0.00914101690829762,1.6054902999390834,-0.0094299348228841,5.698920429808822,-0.0094299348228841,4.390642622194284,-0.0094299348228841,3.5593045035602837,-0.0094299348228841,3.0058325224128994,-0.0094299348228841,2.566542359382975,-0.0094299348228841,2.1800544403060766,-0.0094299348228841,1.8946959150414904
2026-04-22,2026-04-23,0.0072395387001678,3.592311764959657,0.007262814716179,2.962233348387565,0.0072792387678228,2.484986606312847,0.0072798865003346,2.09621718429987,0.0072825030023969,1.82788366251998,0.007284586821275028,1.6244702202409793,0.0072395387001678,5.747417523509768,0.0072395387001678,4.429668388076434,0.0072395387001678,3.592311764959657,0.0072395387001678,3.034832901985298,0.0072395387001678,2.592362480819516,0.0072395387001678,2.2030765674953128,0.0072395387001678,1.9156521781436504
2026-04-23,2026-04-24,0.0067179364274606,3.623162623451736,0.0067345877210929,2.9889173564437206,0.0067380670197853,2.508468679629237,0.0067186012898493,2.117019433067961,0.0067036352374808,1.846840763087545,0.006691491587378572,1.6420318406410472,0.0067179364274606,5.792746245482241,0.0067179364274606,4.466144555129724,0.0067179364274606,3.623162623451736,0.0067179364274606,3.061938652916263,0.0067179364274606,2.6164957435900567,0.0067179364274606,2.2245946322480354,0.0067179364274606,1.9352393441210076
2026-04-24,2026-04-27,0.0157464647219379,3.6959610906057,0.0148672134882755,3.048221442369057,0.0141995368313753,2.55828730986736,0.0136906953275155,2.1596935964560395,0.0132676888788034,1.884611760619686,0.012938090094955475,1.676214686629002,0.0175085734408193,5.9116775419861165,0.0165341502429266,4.556522610453794,0.0157464647219379,3.6959610906057,0.015179130463734,3.123595349664563,0.0146992151653089,2.669655392669511,0.0143153579695295,2.270755858715289,0.0140044470169829,1.9763457479979136
2026-04-27,2026-04-28,-6.527312761273009e-05,3.695654570538169,0.0020084742467445,3.0563521908811744,0.003465963768842,2.570620204762491,0.0045405195387994,2.174040246967368,0.0053891329844859,1.9001573170062775,0.0060631549723615275,1.6924409910133438,-0.006062205705327,5.869777530957708,-0.0025257386692057,4.542488286430255,-6.527312761273009e-05,3.695654570538169,0.001683351324079,3.1305368093563866,0.0029942617254342,2.680643301357314,0.0040152079620513,2.283888623681128,0.0048212564495309,1.9906954741314824
2026-04-28,2026-04-29,0.0194363713526248,3.7869210565148,0.0157542936738751,3.120257154540984,0.0130355843621529,2.6171653256668805,0.0108339959568347,2.208427786169844,0.009119675692467,1.92660581119451,0.007751006995046875,1.713310119968439,0.0300219300407046,6.076021511387326,0.023716089598347,4.673934435229024,0.0194363713526248,3.7869210565148,0.0163535276806699,3.1980856574042225,0.0140102784855889,2.7322101390154474,0.0121559510097507,2.3238074129120743,0.0106606568655742,2.022578252370624
2026-04-29,2026-04-30,0.0065104905181988,3.8180862606646047,0.0062995808501619,3.1462130476094723,0.0061784794141936,2.6395139071692486,0.0060719117489941,2.227909076540488,0.0058796542723949,1.943813241555916,0.005725433516891335,1.7288449966710266,0.0077087790348008,6.130568997664108,0.006974833492849,4.713509183164089,0.0065104905181988,3.8180862606646047,0.0061872582969578,3.224060297719336,0.0059451654478271,2.754398745777952,0.0057568914539569,2.342942211402067,0.0056059189177667,2.039522580976019
2026-04-30,2026-05-06,0.0237137685492025,3.9323412431000975,0.0189273424836582,3.224689841971789,0.0155102738442778,2.6959637645295014,0.012941283107357,2.2696823617448056,0.0109668366660077,1.97609756055129,0.009413708788298794,1.754533548798094,0.0358902258986701,6.386486729776327,0.0294121347842593,4.881555685350415,0.0237137685492025,3.9323412431000975,0.0196278509954623,3.30696952383882,0.0165587342370017,2.816566836829021,0.0141667150487115,2.390300721135309,0.0122452247952211,2.0767422182502213
2026-05-06,2026-05-07,-0.0137500455331116,3.864521326422628,-0.0133127730149208,3.168447505047177,-0.0130302156969902,2.6478045594694217,-0.0127927747361943,2.2278540518320966,-0.0126055721764477,1.9385821479476109,-0.01248832282036211,1.7201340446211857,-0.0137500455331116,6.2849222009121775,-0.0137500455331116,4.800684026871315,-0.0137500455331116,3.864521326422628,-0.0137500455331116,3.247748496776312,-0.0137500455331116,2.7640888690424585,-0.0137500455331116,2.343683931848757,-0.0137500455331116,2.034436872655634
2026-05-07,2026-05-08,-0.0007754648927261,3.8607490609140687,-0.0008710492793543,3.16481658185188,-0.0009379758259978,2.6443830069746745,-0.0010019493478645,2.224619905569861,-0.0010711629732488,1.9354344475568797,-0.001118538735895866,1.7170914693254478,-0.0007754648927261,6.2792729994991285,-0.0007754648927261,4.796185800054679,-0.0007754648927261,3.8607490609140687,-0.0007754648927261,3.2444545169439314,-0.0007754648927261,2.7611699502714147,-0.0007754648927261,2.341091022347236,-0.0007754648927261,2.032083773391696
2026-05-08,2026-05-11,-0.0174952522165201,3.7757090301321634,-0.0174589198717566,3.092103382868764,-0.0174562844716219,2.58076562048138,-0.0174507367762156,2.1683479123944163,-0.0174457287338554,1.884223654468788,-0.017442009056920657,1.6696999353089916,-0.0174952522165201,6.151920282419986,-0.0174952522165201,4.694780067588909,-0.0174952522165201,3.7757090301321634,-0.0174952522165201,3.170196714648449,-0.0174952522165201,2.69536733336222,-0.0174952522165201,2.28263779223292,-0.0174952522165201,1.97903670303459
2026-05-11,2026-05-12,0.0025126804240451,3.7877088607231126,0.002426232785785,3.1020317782591027,0.0023732417802709,2.589263643057264,0.0023583169012789,2.1758198808253484,0.0023285080408646,1.89093959243987,0.0022969087874201836,1.6758319925501781,0.0025126804240451,6.169890772507954,0.0025126804240451,4.709089229983983,0.0025126804240451,3.7877088607231126,0.0025126804240451,3.1806750862977644,0.0025126804240451,2.704652610520415,0.0025126804240451,2.2908860119526944,0.0025126804240451,1.986522070240817
2026-05-12,2026-05-13,-0.0029026566071409,3.773811785965467,-0.0029044984998491,3.090117433112815,-0.0029083339228393,2.578824865846147,-0.0029099897444847,2.166578277541816,-0.002912336569383,1.8825202033449304,-0.0028925363451465483,1.668092051258221,-0.0029026566071409,6.149079041684655,-0.0029026566071409,4.692517704409813,-0.0029026566071409,3.773811785965467,-0.0029026566071409,3.168540022136213,-0.0029026566071409,2.693899276143326,-0.0029026566071409,2.281333699926752,-0.0029026566071409,1.97785322222126
2026-05-13,2026-05-14,0.0142351036233677,3.84176749141714,0.0141224061801999,3.147879732827951,0.0140379984153525,2.62906440364172,0.0139739365173426,2.210827841369381,0.0139241275727565,1.9226567823873533,0.013861147345931137,1.7050748683132189,0.0142351036233677,6.250846922654683,0.0142351036233677,4.773551283809941,0.0142351036233677,3.84176749141714,0.0142351036233677,3.2278796213094774,0.0142351036233677,2.746482315113509,0.0142351036233677,2.328043825168058,0.0142351036233677,2.020243271414759
2026-05-14,2026-05-15,0.0019095493074813,3.851013085177361,0.001874054360254,3.1556530849270663,0.0018678618118595,2.6358429944540607,0.001872829181488,2.216841173447432,0.0018727059105507,1.9281300590182415,0.0018486318641232993,1.7100755559096217,0.0019095493074813,6.264692772374492,0.0019095493074813,4.784576164665649,0.0019095493074813,3.851013085177361,0.0019095493074813,3.235952965912464,0.0019095493074813,2.7536364078238256,0.0019095493074813,2.3343988889496754,0.0019095493074813,2.026010574862114
2026-05-15,2026-05-18,0.0128600184468293,3.913397202938553,0.0128085413298112,3.208880939217713,0.0129789332053144,2.6830323578240907,0.0131820068597957,2.259245595862689,0.0133704814459704,1.967280567643734,0.01352617206089627,1.7467325041768844,0.0128600184468293,6.3581168554377765,0.0128600184468293,4.858965920850339,0.0128600184468293,3.913397202938553,0.0128600184468293,3.2904273991940007,0.0128600184468293,2.8019082412711307,0.0128600184468293,2.377279320170656,0.0128600184468293,2.064925126675142
2026-05-18,2026-05-19,0.0110528934197965,3.967704458551759,0.0099418812679547,3.250725133786374,0.0091218567076788,2.716628451241907,0.0084854657126063,2.286901812615345,0.0079039251877163,1.9907337312613549,0.0074350587207500304,1.7671546216356324,0.0142173321045951,6.462729646435954,0.0122671665884518,4.930838831837471,0.0110528934197965,3.967704458551759,0.0102255117575697,3.334299215009459,0.0096270482075843,2.8385093951906604,0.0091766048355643,2.4082712779111857,0.008823459315968,2.091968368836848
2026-05-19,2026-05-20,0.0027999692401693,3.9816138782299566,0.0027910426464365,3.2625890889130518,0.0027896990502437,2.726996726102446,0.0027994860789542,2.296103448482651,0.0028009097247728,1.999110506453451,0.002793320731169314,1.774884172006598,0.0027999692401693,6.483625059893676,0.0027999570092387,4.94744492559534,0.0027999692401693,3.9816138782299566,0.0027999692401693,3.3464351194891755,0.0027999692401693,2.849257103425296,0.0027999692401693,2.41781433265149,0.0027999692401693,2.1006257851611685
2026-05-20,2026-05-21,-0.0194625775176478,3.8846588319619153,-0.019225085806961,3.180640447918882,-0.0190204290036168,2.656107649476902,-0.0188687644435429,2.2339100489316825,-0.0187417153207154,1.9429020311261331,-0.018595636235123125,1.7232834353493622,-0.0194625775176478,6.337974427052482,-0.0194625775176478,4.831692317698999,-0.0194625775176478,3.8846588319619153,-0.0194625775176478,3.2618422890506897,-0.0194625775176478,2.774340638664524,-0.0194625775176478,2.3512948562613323,-0.0194625775176478,2.0402796154642515
2026-05-21,2026-05-22,0.0115887186866175,3.941265769045623,0.0114862397773658,3.2286602865266323,0.0114155799048078,2.697844238490085,0.0113292520462918,2.270547830971066,0.0112245350980653,1.975934738264676,0.011156153533720277,1.753664803469957,0.0115887186866175,6.423012148417187,0.0115887186866175,4.899274159435721,0.0115887186866175,3.941265769045623,0.0115887186866175,3.311231580425228,0.0115887186866175,2.818080410553476,0.0115887186866175,2.390132069586453,0.0115887186866175,2.075512560656524
2026-05-22,2026-05-25,0.0170723889267369,4.025624980045143,0.0155190342356882,3.294285010284334,0.0144054312748841,2.7511132795328805,0.0135485193787306,2.314858911638044,0.0127718966213699,2.013943069093736,0.012168228903726546,1.7871720271227147,0.0246532153060783,6.606013265131751,0.0198852656015667,5.016582792952559,0.0170723889267369,4.025624980045143,0.0151023687590759,3.376341389558584,0.0136821189696182,2.8703198409662374,0.0126148556718876,2.432898096352924,0.0117765126811828,2.111731373328233
2026-05-25,2026-05-26,-0.0023673867283102,4.013727382165919,-0.0023090015951947,3.284369499345368,-0.0022767560078444,2.7425729098375986,-0.0022464687654533,2.307412184631164,-0.0022228892813299,2.007243407350909,-0.002204266402028206,1.7810283574666554,-0.0023674999905923,6.588006028798106,-0.0023673867283102,5.002339214698743,-0.0023673867283102,4.013727382165919,-0.0023673867283102,3.365980897034388,-0.002367372969508,2.861157350391383,-0.0023674931111912,2.424770733758387,-0.0023674931111912,2.1043643707380006
2026-05-26,2026-05-27,-0.0138788116259221,3.94414280428511,-0.0137599666291099,3.225416718007599,-0.013652627466713,2.6914769561325733,-0.0135563772760565,2.262575657248877,-0.0133709961304254,1.9670335673879724,-0.013204213049038387,1.7443070665392484,-0.0138788116259221,6.482693522508055,-0.0138788116259221,4.919033879423054,-0.0138788116259221,3.94414280428511,-0.0138788116259221,3.3053862706020727,-0.0138788116259221,2.807569074867256,-0.0138788116259221,2.377238985882583,-0.0138788116259221,2.0612794824183034
2026-05-27,2026-05-28,0.0258752860404048,4.072073913570597,0.0257774371044344,3.3343371316960653,0.0256804689029335,2.7862758153104314,0.0255393650329782,2.3458997679070657,0.0253746818213237,2.0423211001136297,0.02523462791592507,1.81355863425041,0.0258752860404048,6.676310357755635,0.0258752860404048,5.0721905741359725,0.0258752860404048,4.072073913570597,0.0258752860404048,3.416789371868333,0.0258752860404048,2.906091013798046,0.0258752860404048,2.464626010669101,0.0258752860404048,2.1404909646754997
2026-05-28,2026-05-29,-0.0163210026623937,3.989292581723353,-0.0162351370518756,3.263968574333946,-0.0160136175523441,2.72564384245636,-0.0157858394447307,2.293081931372723,-0.015617122300921,1.9948087994144823,-0.015473015509517794,1.7700243978657157,-0.0163210026623937,6.551025275969344,-0.0163210026623937,4.9730863356089365,-0.0163210026623937,3.989292581723353,-0.0163210026623937,3.344702940770837,-0.0163210026623937,2.8423396919622954,-0.0163210026623937,2.408079840324772,-0.0163210026623937,2.089235003279807
2026-05-29,2026-06-01,0.0028805181197911,4.003664329409946,0.0028994675761868,3.276331812961107,0.0029091796943096,2.7364824098710643,0.0029106901228895,2.302667072424236,0.0029174821392896,2.0035461005973616,0.0029422982989054467,1.7781746359394823,0.0028805181197911,6.572776141099775,0.0028805181197911,4.990291919029734,0.0028805181197911,4.003664329409946,0.0028805181197911,3.357217936316837,0.0028805181197911,2.8534076210673853,0.0028805181197911,2.417896876058522,0.0028805181197911,2.098133600683048
2026-06-01,2026-06-02,0.0124438782509686,4.065929319133838,0.0124534825272201,3.3295870364744147,0.0124072323509774,2.7828418153056744,0.0123385183885661,2.343417090828654,0.0122280289195129,2.040273549176556,0.01210384716572533,1.8118012371325882,0.0124438782509686,6.66701084542146,0.0124438782509686,5.064834382357901,0.0124438782509686,4.065929319133838,0.0124438782509686,3.4114386258293,0.0124438782509686,2.9013589563553026,0.0124438782509686,2.46042876865856,0.0124438782509686,2.1366863980151822
2026-06-02,2026-06-03,0.0145491656572431,4.1396343640058015,0.0145089183904026,3.392404661450767,0.0144506261111333,2.837506248016218,0.0144278020041827,2.391655250632531,0.0144102702162496,2.0840847125515065,0.014396132114024482,1.8522802992207263,0.0145491656572431,6.778559456307377,0.0145491656572431,5.153072662470571,0.0145491656572431,4.1396343640058015,0.0145491656572431,3.475621377183252,0.0145491656572431,2.9581204740996854,0.0145491656572431,2.5107751200588635,0.0145491656572431,2.1823225680347265
2026-06-03,2026-06-04,-0.0065814549394288,4.105808092033957,-0.0052058933706489,3.3695382711425133,-0.0041908986109756,2.8214236484117965,-0.0034079055915479,2.3800968097392974,-0.0027881548726209,2.0754858067326305,-0.0022428045155396593,1.845883192086049,-0.0113973873753614,6.6899042009615615,-0.0088975083388626,5.098325647146611,-0.0065814549394288,4.105808092033957,-0.0049431784410278,3.453497582081356,-0.0037228622011279,2.943384936999149,-0.0027818916470514,2.501008524077696,-0.00203133554434,2.1758582030887217
2026-06-04,2026-06-05,0.0028309915700142,4.120262591700615,0.0031034927683651,3.3830991015680985,0.0032983553148785,2.834028061412938,0.0034455258083,2.3917430205318064,0.0035631015931197,2.0864440751102165,0.0036395589776753987,1.8562409518072216,-0.0012699329292874,6.680138538393694,0.0012472194066497,5.105931597241802,0.0028309915700142,4.120262591700615,0.0034680492250662,3.468942530919728,0.0038768765839166,2.95867295372277,0.0041901520278194,2.5156782820442736,0.0044374708999042,2.18995098144715
2026-06-05,2026-06-08,-0.0389313903176257,3.92092365021438,-0.0368159477018273,3.221731154272841,-0.0353481438720595,2.6985022858886,-0.0342062754989798,2.275724124349753,-0.0333177663126178,1.9836106526787305,-0.03268213827939655,1.7628928900609826,-0.0457668283244163,6.328642956399296,-0.041476138802824,4.852681130794052,-0.0389313903176257,3.92092365021438,-0.0371734690936639,3.302816433865223,-0.0358811411560579,2.8166312506795745,-0.0348871716146825,2.3930262104765827,-0.0340982806334599,2.081179137674784
2026-06-08,2026-06-09,0.0154403449718058,3.996904408953609,0.0144991729903811,3.282942764597524,0.0138242249155005,2.7496312133392165,0.0133342508258404,2.319403451460089,0.0130293977619473,2.022485302639265,0.01268220066591122,1.7979324521111555,0.0191666597121513,6.469108562096457,0.0168611344793529,4.951363974405142,0.0154403449718058,3.996904408953609,0.0144623695166792,3.365045355094222,0.0137413712652815,2.8690769976778387,0.0131847777022514,2.4377625067996296,0.0127434055573294,2.120443853020956
2026-06-09,2026-06-10,-0.003689551334555,3.97846807362291,-0.0027811148078766,3.271031409053614,-0.0021559647006429,2.741547140802828,-0.0017257631825581,2.313674947195503,-0.0013932133339709,2.0182743358138966,-0.001126178693902492,1.7947814801966095,-0.0072808734981594,6.414726927511812,-0.0050750285304091,4.921160632440187,-0.003689551334555,3.97846807362291,-0.0027547966432163,3.353020542802521,-0.002070772236716,2.86106502044933,-0.0015484662211119,2.432439247681645,-0.0011407577492544,2.1168841825145086
2026-06-10,2026-06-11,0.0008091957075681,3.9824966286183514,0.0011534695489777,3.2759579137266845,0.0014433155265766,2.746947373884568,0.0016744836699587,2.319223641782133,0.0017878765428538,2.023670637698796,0.0018695241593721372,1.8000063916940028,-0.0007085350972545,6.409473333247112,0.0002196783885063,4.922461383466008,0.0008091957075681,3.9824966286183514,0.0011976004523764,3.358233722173785,0.001487302057586,2.8668075903987185,0.0017245829470164,2.4383587738748678,0.0019102593475537,2.122838239659399
2026-06-11,2026-06-12,0.0193681256077572,4.078998249161657,0.0180158011345202,3.3529927211599624,0.0170264108390517,2.810744439264633,0.0162929313741218,2.373303524793052,0.015722264431565,2.0712095870186555,0.015262940475808489,1.8427427225823116,0.0248600027985315,6.59367286104728,0.0214431530271756,5.049457629209208,0.0193681256077572,4.078998249161657,0.0180132708364784,3.436739766579975,0.0170130824927356,2.9325939069177083,0.0162435191322758,2.4942098204019323,0.0156327118047574,2.1716566698728705
2026-06-12,2026-06-15,-0.0004592006264561,4.076665969983872,-0.0035752080597501,3.337429866499237,-0.0057028888321713,2.789012187359692,-0.0072131598565972,2.348971347223897,-0.0084034120308172,2.0454009474259416,-0.009379770371176628,1.8160784486201562,0.0128405674236951,6.691179929413041,0.0047339874541992,5.0780956857305934,-0.0004592006264561,4.076665969983872,-0.0040032242201948,3.4189785024877004,-0.006588020193816,2.9066858988448563,-0.0085578652655087,2.4643068435495152,-0.0101080945120534,2.139597264494011
2026-06-15,2026-06-16,-0.0065437310073291,4.043445633462236,-0.0077117160212698,3.3039808391066208,-0.0085405887065033,2.7566517926635243,-0.0091607531885052,2.3182922472766028,-0.0096343052654607,2.0160606250427167,-0.010004121526544984,1.7879060575918762,-0.0032890308519605,6.665883401337221,-0.0053101405105643,5.045820143602709,-0.0065437310073291,4.043445633462236,-0.0073825463536412,3.3863551888573404,-0.0080067844078923,2.875405907103453,-0.0084764952290153,2.4349416631183223,-0.0088433937064429,2.111832569804419
2026-06-16,2026-06-17,0.003552433650337,4.061362139444192,0.0025698765525121,3.3150415385475025,0.0018697175624673,2.7636756704963417,0.0013614673303767,2.3228099937639124,0.000962221715503,2.0189627440714064,0.0005910364998818862,1.7895538118301544,0.0075508646365206,6.723767449220069,0.0050547050936202,5.0763799814776895,0.003552433650337,4.061362139444192,0.0025179095545691,3.3973996344970985,0.0017608278381686,2.8822298297088835,0.0011953193275653,2.439047515277307,0.000748826398906,2.114162792181664
2026-06-17,2026-06-18,0.0179751296573157,4.152340780143331,0.0176248701505959,3.391093585358829,0.0173201212169082,2.828862989330467,0.0170922928775695,2.3796044353538406,0.0169148588065133,2.070028072629498,0.016696656110878557,1.836130032529073,0.0181410453371469,6.863884664689949,0.0180279467602688,5.185924636278933,0.0179751296573157,4.152340780143331,0.0179085014158476,3.4761504720775376,0.0178525373130915,2.951537482601758,0.0178160699176458,2.500317826259594,0.017792944209741,2.169572917003004
2026-06-18,2026-06-22,0.0128405613278145,4.218499727912562,0.0125607967085823,3.446249219212881,0.0123580030142892,2.876180089693914,0.0122061500025917,2.4208563940411945,0.012082595516118,2.1071219800542083,0.011965755871300717,1.8700664721175801,0.0149483502194354,6.9814367667429815,0.0136559145076364,5.27039909426264,0.0128405613278145,4.218499727912562,0.0122765835795511,3.5311023074626453,0.0118611667268532,2.998407327510308,0.011555666869359,2.540766332996729,0.0113885591412224,2.205669785620709
2026-06-22,2026-06-23,-0.0131172060896192,4.150047591502911,-0.0115539642489621,3.39487741469212,-0.0104297700669829,2.835752422620189,-0.0095726343332209,2.388109786674577,-0.0089238880618663,2.07939437130964,-0.008375222344127154,1.8460290272711708,-0.02026578451571,6.819686689102403,-0.0157101804800652,5.171889992809736,-0.0131172060896192,4.150047591502911,-0.0113428618069605,3.4797066401558965,-0.0100268614719338,2.9583158511289964,-0.0090103038035469,2.5088629526390576,-0.0082010134787501,2.1793800445004115
2026-06-23,2026-06-24,0.0145515515725128,4.224988774631561,0.0136563827309178,3.454895542722622,0.0129795564202506,2.8855387876037004,0.0124568551600685,2.430314979553593,0.0120335858382484,2.116450527806614,0.011658434083078609,1.8792092690841398,0.0177604268030026,6.958567662166621,0.0158085154739838,5.269458411264796,0.0145515515725128,4.224988774631561,0.0136839044668028,3.541006517859092,0.0130472113815675,3.009960834753686,0.0125609882768457,2.5529377390522154,0.0121701860856575,2.218073691279008
2026-06-24,2026-06-25,0.018183905810366,4.319999478369682,0.0167361737534565,3.529453448579127,0.0157293316251381,2.9466557157362563,0.0148558963031412,2.4812753831769534,0.0142335519777567,2.160808688380257,0.013793477042445119,1.9189235760376468,0.0240848157944297,7.150248298297409,0.0204690661078202,5.3977883699452045,0.018183905810366,4.319999478369682,0.0165955020903068,3.61636680101832,0.0154452973975707,3.071895872399068,0.0145642865008443,2.6046837422034343,0.0138671930436382,2.262699340384627
2026-06-25,2026-06-26,-0.0351163605582668,4.133180458517461,-0.0305806423690623,3.390939852540812,-0.0272198409237861,2.839228374972964,-0.0246847329488845,2.395341030021705,-0.0227205026034589,2.088993526346878,-0.02111537076566486,1.8572894224929715,-0.0523339193860252,6.723713860878223,-0.0418665661244947,5.12993494010437,-0.0351163605582668,4.133180458517461,-0.0303865438504762,3.4760913687892936,-0.0268902231766784,2.9624016836380616,-0.0242088526230571,2.517418484735701,-0.0220784673722321,2.190663939452542
2026-06-26,2026-06-29,0.0210708997465763,4.241341189339966,0.0205230832663937,3.4810554767522337,0.020062428047873,2.9162526180052124,0.0196922921829983,2.462203077645815,0.0193639485570465,2.1488086380841085,0.019058381384086203,1.9117447340315579,0.0239582575221581,6.908760586584606,0.0222855627690751,5.266543989982413,0.0210708997465763,4.241341189339966,0.0201740971549263,3.5663924709375765,0.0194941620931871,3.03964538433722,0.0189568248880142,2.5840975710087,0.0185865690689856,2.2499674351390984
2026-06-29,2026-06-30,0.0147798540463614,4.318807447125594,0.0100761092730886,3.526207081394761,0.0067762841454271,2.9427902585300885,0.0043584659497332,2.477292971870796,0.0024776530213794,2.1566102933200035,0.0009822961630652548,1.9146049297116225,0.03068101870903,7.151409418106848,0.0210642916677139,5.3985443003359626,0.0147798540463614,4.318807447125594,0.0103622372330729,3.6137105130207496,0.007113119264295,3.0683798637414696,0.0046331300997479,2.600703161345374,0.0026807485421969,2.258679780603035
